Course,Location,Virtual_Golf_Version,Course_Category,Download_Size_MB,TrackMan_Source_Text,Source_URL
Aphrodite Hills,Cyprus,VG3,New Release (August 2026),911,Aphrodite Hills - Cyprus (911 MB),https://support.trackmangolf.com/hc/en-us/articles/39913906600219--Release-Notes-List-of-All-Courses-in-TPS
Ballybunion: Old Course,Ireland,VG3,New Release (August 2026),817,Ballybunion: Old Course - Ireland (817 MB),https://support.trackmangolf.com/hc/en-us/articles/39913906600219--Release-Notes-List-of-All-Courses-in-TPS
Bernardus Golf,The Netherlands,VG3,New Release (August 2026),701,Bernardus Golf - The Netherlands (701 MB),https://support.trackmangolf.com/hc/en-us/articles/39913906600219--Release-Notes-List-of-All-Courses-in-TPS
Bonarikogen Golf Club,Japan,VG3,New Release (August 2026),827,Bonarikogen Golf Club - Japan (827 MB),https://support.trackmangolf.com/hc/en-us/articles/39913906600219--Release-Notes-List-of-All-Courses-in-TPS
Chatham Hills,"Indiana, United States",VG3,New Release (August 2026),1086,"Chatham Hills - Indiana, United States (1086 MB)",https://support.trackmangolf.com/hc/en-us/articles/39913906600219--Release-Notes-List-of-All-Courses-in-TPS
Crans-Sur-Sierre: Severiano Ballesteros,Switzerland,VG3,New Release (August 2026),1086,Crans-Sur-Sierre: Severiano Ballesteros - Switzerland (1086 MB),https://support.trackmangolf.com/hc/en-us/articles/39913906600219--Release-Notes-List-of-All-Courses-in-TPS
Eagle Point Golf Club,Japan,VG3,New Release (August 2026),1084,Eagle Point Golf Club - Japan (1084 MB),https://support.trackmangolf.com/hc/en-us/articles/39913906600219--Release-Notes-List-of-All-Courses-in-TPS
Elisefarm Golf Club,Sweden,VG3,New Release (August 2026),910,Elisefarm Golf Club - Sweden (910 MB),https://support.trackmangolf.com/hc/en-us/articles/39913906600219--Release-Notes-List-of-All-Courses-in-TPS
Foxhills Bernard Hunt,United Kingdom,VG3,New Release (August 2026),871,Foxhills Bernard Hunt - United Kingdom (871 MB),https://support.trackmangolf.com/hc/en-us/articles/39913906600219--Release-Notes-List-of-All-Courses-in-TPS
Foxhills Longcross,United Kingdom,VG3,New Release (August 2026),872,Foxhills Longcross - United Kingdom (872 MB),https://support.trackmangolf.com/hc/en-us/articles/39913906600219--Release-Notes-List-of-All-Courses-in-TPS
Franklin Hills Country Club,"Michigan, United States",VG3,New Release (August 2026),1173,"Franklin Hills Country Club - Michigan, United States (1173 MB)",https://support.trackmangolf.com/hc/en-us/articles/39913906600219--Release-Notes-List-of-All-Courses-in-TPS
Fuji Classic,Japan,VG3,New Release (August 2026),1018,Fuji Classic - Japan 1018 (MB),https://support.trackmangolf.com/hc/en-us/articles/39913906600219--Release-Notes-List-of-All-Courses-in-TPS
Hanna Country Club,Japan,VG3,New Release (August 2026),1191,Hanna Country Club - Japan (1191 MB),https://support.trackmangolf.com/hc/en-us/articles/39913906600219--Release-Notes-List-of-All-Courses-in-TPS
Zillertal-Uderns Golf Club,Austria,VG3,New Release (August 2026),808,Zillertal-Uderns Golf Club - Austria (808 MB),https://support.trackmangolf.com/hc/en-us/articles/39913906600219--Release-Notes-List-of-All-Courses-in-TPS
Abu Dhabi Golf Club - National Course,United Arab Emirates,VG2,Regular Course,,Abu Dhabi Golf Club - National Course - United Arab Emirates,https://support.trackmangolf.com/hc/en-us/articles/39913906600219--Release-Notes-List-of-All-Courses-in-TPS
Achimer 9 Hole,Germany,VG2,Regular Course,,Achimer 9 Hole - Germany,https://support.trackmangolf.com/hc/en-us/articles/39913906600219--Release-Notes-List-of-All-Courses-in-TPS
Achimer Main,Germany,VG2,Regular Course,,Achimer Main - Germany,https://support.trackmangolf.com/hc/en-us/articles/39913906600219--Release-Notes-List-of-All-Courses-in-TPS
Åkagården Golfklubb,Sweden,VG2,Regular Course,,Åkagården Golfklubb - Sweden,https://support.trackmangolf.com/hc/en-us/articles/39913906600219--Release-Notes-List-of-All-Courses-in-TPS
Åkersberga,Sweden,VG2,Regular Course,,Åkersberga - Sweden,https://support.trackmangolf.com/hc/en-us/articles/39913906600219--Release-Notes-List-of-All-Courses-in-TPS
Alingsås Gk,Sweden,VG2,Regular Course,,Alingsås Gk - Sweden,https://support.trackmangolf.com/hc/en-us/articles/39913906600219--Release-Notes-List-of-All-Courses-in-TPS
Andratx,Spain,VG2,Regular Course,,Andratx - Spain,https://support.trackmangolf.com/hc/en-us/articles/39913906600219--Release-Notes-List-of-All-Courses-in-TPS
Arthur Hills GC at Boyne Resort (18),"Michigan, United States",VG2,Regular Course,,"Arthur Hills GC at Boyne Resort (18) - Michigan, United States",https://support.trackmangolf.com/hc/en-us/articles/39913906600219--Release-Notes-List-of-All-Courses-in-TPS
Aurora International Golf Club,Anguilla,VG2,Regular Course,,Aurora International Golf Club - Anguilla,https://support.trackmangolf.com/hc/en-us/articles/39913906600219--Release-Notes-List-of-All-Courses-in-TPS
Bahia Beach,Puerto Rico,VG2,Regular Course,,Bahia Beach - Puerto Rico,https://support.trackmangolf.com/hc/en-us/articles/39913906600219--Release-Notes-List-of-All-Courses-in-TPS
Baker's Bay,The Bahamas,VG2,Regular Course,,Baker's Bay - The Bahamas,https://support.trackmangolf.com/hc/en-us/articles/39913906600219--Release-Notes-List-of-All-Courses-in-TPS
Ballyneety,United Kingdom,VG2,Regular Course,,Ballyneety - United Kingdom,https://support.trackmangolf.com/hc/en-us/articles/39913906600219--Release-Notes-List-of-All-Courses-in-TPS
Barnbougle Lost Farm (18 Holes),Australia,VG2,Regular Course,,Barnbougle Lost Farm (18 Holes) - Australia,https://support.trackmangolf.com/hc/en-us/articles/39913906600219--Release-Notes-List-of-All-Courses-in-TPS
Barnbougle Run (14 Holes),Australia,VG2,Regular Course,,Barnbougle Run (14 Holes) - Australia,https://support.trackmangolf.com/hc/en-us/articles/39913906600219--Release-Notes-List-of-All-Courses-in-TPS
Barsebäck Golf & Country Club Pine,Sweden,VG2,Regular Course,,Barsebäck Golf & Country Club Pine - Sweden,https://support.trackmangolf.com/hc/en-us/articles/39913906600219--Release-Notes-List-of-All-Courses-in-TPS
Bruckmannshof Golfclubb,Germany,VG2,Regular Course,,Bruckmannshof Golfclubb - Germany,https://support.trackmangolf.com/hc/en-us/articles/39913906600219--Release-Notes-List-of-All-Courses-in-TPS
Båstad Golfklubb (New Course),Sweden,VG2,Regular Course,,Båstad Golfklubb (New Course) - Sweden,https://support.trackmangolf.com/hc/en-us/articles/39913906600219--Release-Notes-List-of-All-Courses-in-TPS
Båstad Golfklubb (Old Course),Sweden,VG2,Regular Course,,Båstad Golfklubb (Old Course) - Sweden,https://support.trackmangolf.com/hc/en-us/articles/39913906600219--Release-Notes-List-of-All-Courses-in-TPS
Bay Harbor GC at Boyne Resort (27),"Michigan, United States",VG2,Regular Course,,"Bay Harbor GC at Boyne Resort (27) - Michigan, United States",https://support.trackmangolf.com/hc/en-us/articles/39913906600219--Release-Notes-List-of-All-Courses-in-TPS
Bear Dance GC,"Colorado, United States",VG2,Regular Course,,"Bear Dance GC - Colorado, United States",https://support.trackmangolf.com/hc/en-us/articles/39913906600219--Release-Notes-List-of-All-Courses-in-TPS
Bear Lakes Country Club (Lakes Course),"Florida, United States",VG2,Regular Course,,"Bear Lakes Country Club (Lakes Course) - Florida, United States",https://support.trackmangolf.com/hc/en-us/articles/39913906600219--Release-Notes-List-of-All-Courses-in-TPS
Bellerive CC,"Missouri, United States",VG2,Regular Course,,"Bellerive CC - Missouri, United States",https://support.trackmangolf.com/hc/en-us/articles/39913906600219--Release-Notes-List-of-All-Courses-in-TPS
Belton Woods Resort - Lakes Course,United Kingdom,VG2,Regular Course,,Belton Woods Resort - Lakes Course - United Kingdom,https://support.trackmangolf.com/hc/en-us/articles/39913906600219--Release-Notes-List-of-All-Courses-in-TPS
Bethesda CC,"Maryland, United States",VG2,Regular Course,,"Bethesda CC - Maryland, United States",https://support.trackmangolf.com/hc/en-us/articles/39913906600219--Release-Notes-List-of-All-Courses-in-TPS
Big Sky,Canada,VG2,Regular Course,,Big Sky - Canada,https://support.trackmangolf.com/hc/en-us/articles/39913906600219--Release-Notes-List-of-All-Courses-in-TPS
Black Desert,"Utah, United States",VG2,Regular Course,,"Black Desert - Utah, United States",https://support.trackmangolf.com/hc/en-us/articles/39913906600219--Release-Notes-List-of-All-Courses-in-TPS
Black Water Links,Poland,VG2,Regular Course,,Black Water Links - Poland,https://support.trackmangolf.com/hc/en-us/articles/39913906600219--Release-Notes-List-of-All-Courses-in-TPS
Blackhawk Falls Course,"California, United States",VG2,Regular Course,,"Blackhawk Falls Course - California, United States",https://support.trackmangolf.com/hc/en-us/articles/39913906600219--Release-Notes-List-of-All-Courses-in-TPS
Blackhawk Lakeside Course,"California, United States",VG2,Regular Course,,"Blackhawk Lakeside Course - California, United States",https://support.trackmangolf.com/hc/en-us/articles/39913906600219--Release-Notes-List-of-All-Courses-in-TPS
Blainroe Golf Club,Ireland,VG2,Regular Course,,Blainroe Golf Club - Ireland,https://support.trackmangolf.com/hc/en-us/articles/39913906600219--Release-Notes-List-of-All-Courses-in-TPS
Blairgowrie Lansdowne Course,United Kingdom,VG2,Regular Course,,Blairgowrie Lansdowne Course - United Kingdom,https://support.trackmangolf.com/hc/en-us/articles/39913906600219--Release-Notes-List-of-All-Courses-in-TPS
Blairgowrie Rousemont Course,United Kingdom,VG2,Regular Course,,Blairgowrie Rousemont Course - United Kingdom,https://support.trackmangolf.com/hc/en-us/articles/39913906600219--Release-Notes-List-of-All-Courses-in-TPS
Bobby Jones Golf Course (Azalea and Magnolia),United States,VG2,Regular Course,,Bobby Jones Golf Course (Azalea and Magnolia) - United States,https://support.trackmangolf.com/hc/en-us/articles/39913906600219--Release-Notes-List-of-All-Courses-in-TPS
Bois D'Arlon Heath (18 hole course),Belgium,VG2,Regular Course,,Bois D'Arlon Heath (18 hole course) - Belgium,https://support.trackmangolf.com/hc/en-us/articles/39913906600219--Release-Notes-List-of-All-Courses-in-TPS
Bois D'Arlon Park (9 hole course),Belgium,VG2,Regular Course,,Bois D'Arlon Park (9 hole course) - Belgium,https://support.trackmangolf.com/hc/en-us/articles/39913906600219--Release-Notes-List-of-All-Courses-in-TPS
Bondhay Golf Club Devonshire Course,United Kingdom,VG2,Regular Course,,Bondhay Golf Club Devonshire Course - United Kingdom,https://support.trackmangolf.com/hc/en-us/articles/39913906600219--Release-Notes-List-of-All-Courses-in-TPS
Bonn Godesberg,Germany,VG2,Regular Course,,Bonn Godesberg - Germany,https://support.trackmangolf.com/hc/en-us/articles/39913906600219--Release-Notes-List-of-All-Courses-in-TPS
Bonnie Doon,Australia,VG2,Regular Course,,Bonnie Doon - Australia,https://support.trackmangolf.com/hc/en-us/articles/39913906600219--Release-Notes-List-of-All-Courses-in-TPS
Bowen Island,Canada,VG2,Regular Course,,Bowen Island - Canada,https://support.trackmangolf.com/hc/en-us/articles/39913906600219--Release-Notes-List-of-All-Courses-in-TPS
Breitenloo,Switzerland,VG2,Regular Course,,Breitenloo - Switzerland,https://support.trackmangolf.com/hc/en-us/articles/39913906600219--Release-Notes-List-of-All-Courses-in-TPS
Brickhampton Spa Course,United Kingdom,VG2,Regular Course,,Brickhampton Spa Course - United Kingdom,https://support.trackmangolf.com/hc/en-us/articles/39913906600219--Release-Notes-List-of-All-Courses-in-TPS
Bromsgrove Golf Centre,United Kingdom,VG2,Regular Course,,Bromsgrove Golf Centre - United Kingdom,https://support.trackmangolf.com/hc/en-us/articles/39913906600219--Release-Notes-List-of-All-Courses-in-TPS
Bulls Bridge Golf Club,"Connecticut, United States",VG2,Regular Course,,"Bulls Bridge Golf Club - Connecticut, United States",https://support.trackmangolf.com/hc/en-us/articles/39913906600219--Release-Notes-List-of-All-Courses-in-TPS
Byneset Golfklubb (North),Norway,VG2,Regular Course,,Byneset Golfklubb (North) - Norway,https://support.trackmangolf.com/hc/en-us/articles/39913906600219--Release-Notes-List-of-All-Courses-in-TPS
Camiral Golf (PGA Catalunya) Stadium,Spain,VG2,Regular Course,,Camiral Golf (PGA Catalunya) Stadium - Spain,https://support.trackmangolf.com/hc/en-us/articles/39913906600219--Release-Notes-List-of-All-Courses-in-TPS
Camiral Golf (PGA Catalunya) Tour,Spain,VG2,Regular Course,,Camiral Golf (PGA Catalunya) Tour - Spain,https://support.trackmangolf.com/hc/en-us/articles/39913906600219--Release-Notes-List-of-All-Courses-in-TPS
Canoe Brook Country Club (North Course),"New Jersey, United States",VG2,Regular Course,,"Canoe Brook Country Club (North Course) - New Jersey, United States",https://support.trackmangolf.com/hc/en-us/articles/39913906600219--Release-Notes-List-of-All-Courses-in-TPS
Cap De Malo,France,VG2,Regular Course,,Cap De Malo - France,https://support.trackmangolf.com/hc/en-us/articles/39913906600219--Release-Notes-List-of-All-Courses-in-TPS
"Casa de Campo, Dye Fore Chavon/Lagos",Dominican Republic,VG2,Regular Course,,"Casa de Campo, Dye Fore Chavon/Lagos - Dominican Republic",https://support.trackmangolf.com/hc/en-us/articles/39913906600219--Release-Notes-List-of-All-Courses-in-TPS
"Casa de Campo, Dye Fore Lagos/Marina",Dominican Republic,VG2,Regular Course,,"Casa de Campo, Dye Fore Lagos/Marina - Dominican Republic",https://support.trackmangolf.com/hc/en-us/articles/39913906600219--Release-Notes-List-of-All-Courses-in-TPS
"Casa de Campo, Dye Fore Marina/Chavon",Dominican Republic,VG2,Regular Course,,"Casa de Campo, Dye Fore Marina/Chavon - Dominican Republic",https://support.trackmangolf.com/hc/en-us/articles/39913906600219--Release-Notes-List-of-All-Courses-in-TPS
Chileno Bay,Mexico,VG2,Regular Course,,Chileno Bay - Mexico,https://support.trackmangolf.com/hc/en-us/articles/39913906600219--Release-Notes-List-of-All-Courses-in-TPS
Chimera GC,"Nevada, United States",VG2,Regular Course,,"Chimera GC - Nevada, United States",https://support.trackmangolf.com/hc/en-us/articles/39913906600219--Release-Notes-List-of-All-Courses-in-TPS
Clearwater Golf,New Zealand,VG2,Regular Course,,Clearwater Golf - New Zealand,https://support.trackmangolf.com/hc/en-us/articles/39913906600219--Release-Notes-List-of-All-Courses-in-TPS
Club de Golf Le Mirage Arizona Course,Canada,VG2,Regular Course,,Club de Golf Le Mirage Arizona Course - Canada,https://support.trackmangolf.com/hc/en-us/articles/39913906600219--Release-Notes-List-of-All-Courses-in-TPS
Club de Golf Le Mirage Carolina Course,Canada,VG2,Regular Course,,Club de Golf Le Mirage Carolina Course - Canada,https://support.trackmangolf.com/hc/en-us/articles/39913906600219--Release-Notes-List-of-All-Courses-in-TPS
Conway Farms,"Illinois, United States",VG2,Regular Course,,"Conway Farms - Illinois, United States",https://support.trackmangolf.com/hc/en-us/articles/39913906600219--Release-Notes-List-of-All-Courses-in-TPS
CostaTerra,Portugal,VG2,Regular Course,,CostaTerra - Portugal,https://support.trackmangolf.com/hc/en-us/articles/39913906600219--Release-Notes-List-of-All-Courses-in-TPS
Craig Ranch,"Texas, United States",VG2,Regular Course,,"Craig Ranch - Texas, United States",https://support.trackmangolf.com/hc/en-us/articles/39913906600219--Release-Notes-List-of-All-Courses-in-TPS
Crystal Pines,Fictional,VG2,Regular Course,,Crystal Pines - Fictional,https://support.trackmangolf.com/hc/en-us/articles/39913906600219--Release-Notes-List-of-All-Courses-in-TPS
Dedham Country & Polo Club,"Massachusetts, United States",VG2,Regular Course,,"Dedham Country & Polo Club - Massachusetts, United States",https://support.trackmangolf.com/hc/en-us/articles/39913906600219--Release-Notes-List-of-All-Courses-in-TPS
Dinsdale,United Kingdom,VG2,Regular Course,,Dinsdale - United Kingdom,https://support.trackmangolf.com/hc/en-us/articles/39913906600219--Release-Notes-List-of-All-Courses-in-TPS
Dolomiti,Italy,VG2,Regular Course,,Dolomiti - Italy,https://support.trackmangolf.com/hc/en-us/articles/39913906600219--Release-Notes-List-of-All-Courses-in-TPS
Donalda Club,Canada,VG2,Regular Course,,Donalda Club - Canada,https://support.trackmangolf.com/hc/en-us/articles/39913906600219--Release-Notes-List-of-All-Courses-in-TPS
Dorset Golf & Country Club | Lakeland/Parkland,United Kingdom,VG2,Regular Course,,Dorset Golf & Country Club | Lakeland/Parkland - United Kingdom,https://support.trackmangolf.com/hc/en-us/articles/39913906600219--Release-Notes-List-of-All-Courses-in-TPS
Downshire Golf Complex,United Kingdom,VG2,Regular Course,,Downshire Golf Complex - United Kingdom,https://support.trackmangolf.com/hc/en-us/articles/39913906600219--Release-Notes-List-of-All-Courses-in-TPS
Drayton Park Golf Club (18 Hole Course),United Kingdom,VG2,Regular Course,,Drayton Park Golf Club (18 Hole Course) - United Kingdom,https://support.trackmangolf.com/hc/en-us/articles/39913906600219--Release-Notes-List-of-All-Courses-in-TPS
Driftwood,"Texas, United States",VG2,Regular Course,,"Driftwood - Texas, United States",https://support.trackmangolf.com/hc/en-us/articles/39913906600219--Release-Notes-List-of-All-Courses-in-TPS
DubsDread Golf,Florida,VG2,Regular Course,627,DubsDread Golf - Florida (627 MB),https://support.trackmangolf.com/hc/en-us/articles/39913906600219--Release-Notes-List-of-All-Courses-in-TPS
Dun Laoghaire (middle lower),Ireland,VG2,Regular Course,,Dun Laoghaire (middle lower) - Ireland,https://support.trackmangolf.com/hc/en-us/articles/39913906600219--Release-Notes-List-of-All-Courses-in-TPS
Dun Laoghaire Golf Club (Upper/Lower),Ireland,VG2,Regular Course,,Dun Laoghaire Golf Club (Upper/Lower) - Ireland,https://support.trackmangolf.com/hc/en-us/articles/39913906600219--Release-Notes-List-of-All-Courses-in-TPS
Dundrum Golf Club,Ireland,VG2,Regular Course,,Dundrum Golf Club - Ireland,https://support.trackmangolf.com/hc/en-us/articles/39913906600219--Release-Notes-List-of-All-Courses-in-TPS
Dunston Hall,United Kingdom,VG2,Regular Course,,Dunston Hall - United Kingdom,https://support.trackmangolf.com/hc/en-us/articles/39913906600219--Release-Notes-List-of-All-Courses-in-TPS
Eagle Course at Wohali,"Utah, United States",VG2,Regular Course,,"Eagle Course at Wohali - Utah, United States",https://support.trackmangolf.com/hc/en-us/articles/39913906600219--Release-Notes-List-of-All-Courses-in-TPS
Eaglewood,"Utah, United States",VG2,Regular Course,,"Eaglewood - Utah, United States",https://support.trackmangolf.com/hc/en-us/articles/39913906600219--Release-Notes-List-of-All-Courses-in-TPS
Echizen CC (Fukui Green TMR),Japan,VG2,Regular Course,,Echizen CC (Fukui Green TMR) - Japan,https://support.trackmangolf.com/hc/en-us/articles/39913906600219--Release-Notes-List-of-All-Courses-in-TPS
Eichenried Open.9,Germany,VG2,Regular Course,,Eichenried Open.9 - Germany,https://support.trackmangolf.com/hc/en-us/articles/39913906600219--Release-Notes-List-of-All-Courses-in-TPS
Els Club Vilamoura,Portugal,VG2,Regular Course,442,Els Club Vilamoura - Portugal (442 MB),https://support.trackmangolf.com/hc/en-us/articles/39913906600219--Release-Notes-List-of-All-Courses-in-TPS
El Dorado,Mexico,VG2,Regular Course,,El Dorado - Mexico,https://support.trackmangolf.com/hc/en-us/articles/39913906600219--Release-Notes-List-of-All-Courses-in-TPS
Eniwa CC: Akan + Mashu,Japan,VG2,Regular Course,,Eniwa CC: Akan + Mashu - Japan,https://support.trackmangolf.com/hc/en-us/articles/39913906600219--Release-Notes-List-of-All-Courses-in-TPS
Eniwa CC: Mashu + Shikotsu,Japan,VG2,Regular Course,,Eniwa CC: Mashu + Shikotsu - Japan,https://support.trackmangolf.com/hc/en-us/articles/39913906600219--Release-Notes-List-of-All-Courses-in-TPS
Eniwa CC: Shikotsu + Akan,Japan,VG2,Regular Course,,Eniwa CC: Shikotsu + Akan - Japan,https://support.trackmangolf.com/hc/en-us/articles/39913906600219--Release-Notes-List-of-All-Courses-in-TPS
Esbjerg Gk (Marbaek by NorSea course),"Esbjerg, Denmark",VG2,Regular Course,,"Esbjerg Gk (Marbaek by NorSea course) - Esbjerg, Denmark",https://support.trackmangolf.com/hc/en-us/articles/39913906600219--Release-Notes-List-of-All-Courses-in-TPS
Escondido Golf and Lake Club,"Texas, United States",VG2,Regular Course,,"Escondido Golf and Lake Club - Texas, United States",https://support.trackmangolf.com/hc/en-us/articles/39913906600219--Release-Notes-List-of-All-Courses-in-TPS
Eskilstuna,Sweden,VG2,Regular Course,,Eskilstuna - Sweden,https://support.trackmangolf.com/hc/en-us/articles/39913906600219--Release-Notes-List-of-All-Courses-in-TPS
Etchinghill GC,"Folkstone, England",VG2,Regular Course,,"Etchinghill GC - Folkstone, England",https://support.trackmangolf.com/hc/en-us/articles/39913906600219--Release-Notes-List-of-All-Courses-in-TPS
Evergreen Golf Centre,Canada,VG2,Regular Course,,Evergreen Golf Centre - Canada,https://support.trackmangolf.com/hc/en-us/articles/39913906600219--Release-Notes-List-of-All-Courses-in-TPS
Falmouth CC,"Maine, United States",VG2,Regular Course,,"Falmouth CC - Maine, United States",https://support.trackmangolf.com/hc/en-us/articles/39913906600219--Release-Notes-List-of-All-Courses-in-TPS
Fana GK,Norway,VG2,Regular Course,,Fana GK - Norway,https://support.trackmangolf.com/hc/en-us/articles/39913906600219--Release-Notes-List-of-All-Courses-in-TPS
Fieldstone GC,"Delaware, United States",VG2,Regular Course,,"Fieldstone GC - Delaware, United States",https://support.trackmangolf.com/hc/en-us/articles/39913906600219--Release-Notes-List-of-All-Courses-in-TPS
Firekeeper GC,"Kansas, United States",VG2,Regular Course,,"Firekeeper GC - Kansas, United States",https://support.trackmangolf.com/hc/en-us/articles/39913906600219--Release-Notes-List-of-All-Courses-in-TPS
Fontana GC,Austria,VG2,Regular Course,,Fontana GC - Austria,https://support.trackmangolf.com/hc/en-us/articles/39913906600219--Release-Notes-List-of-All-Courses-in-TPS
Forsgården GK,Sweden,VG2,Regular Course,,Forsgården GK - Sweden,https://support.trackmangolf.com/hc/en-us/articles/39913906600219--Release-Notes-List-of-All-Courses-in-TPS
Fota Island Resort Barryscourt Course,Ireland,VG2,Regular Course,,Fota Island Resort Barryscourt Course - Ireland,https://support.trackmangolf.com/hc/en-us/articles/39913906600219--Release-Notes-List-of-All-Courses-in-TPS
Fota Island Resort Belvelly Course,Ireland,VG2,Regular Course,,Fota Island Resort Belvelly Course - Ireland,https://support.trackmangolf.com/hc/en-us/articles/39913906600219--Release-Notes-List-of-All-Courses-in-TPS
Fota Island Resort Deerpark Course,Ireland,VG2,Regular Course,,Fota Island Resort Deerpark Course - Ireland,https://support.trackmangolf.com/hc/en-us/articles/39913906600219--Release-Notes-List-of-All-Courses-in-TPS
Foxhills Bernard Hunt Course,United Kingdom,VG2,Regular Course,,Foxhills Bernard Hunt Course - United Kingdom,https://support.trackmangolf.com/hc/en-us/articles/39913906600219--Release-Notes-List-of-All-Courses-in-TPS
Foxhills Longcross,United Kingdom,VG2,Regular Course,,Foxhills Longcross - United Kingdom,https://support.trackmangolf.com/hc/en-us/articles/39913906600219--Release-Notes-List-of-All-Courses-in-TPS
Foyle Golf Centre,United Kingdom,VG2,Regular Course,,Foyle Golf Centre - United Kingdom,https://support.trackmangolf.com/hc/en-us/articles/39913906600219--Release-Notes-List-of-All-Courses-in-TPS
Franklin Hills CC,"Michigan, United States",VG2,Regular Course,,"Franklin Hills CC - Michigan, United States",https://support.trackmangolf.com/hc/en-us/articles/39913906600219--Release-Notes-List-of-All-Courses-in-TPS
GC Budersand,Germany,VG2,Regular Course,,GC Budersand - Germany,https://support.trackmangolf.com/hc/en-us/articles/39913906600219--Release-Notes-List-of-All-Courses-in-TPS
GC Murstätten,Austria,VG2,Regular Course,,GC Murstätten - Austria,https://support.trackmangolf.com/hc/en-us/articles/39913906600219--Release-Notes-List-of-All-Courses-in-TPS
GC Neuhof (2 courses),Germany,VG2,Regular Course,,GC Neuhof (2 courses) - Germany,https://support.trackmangolf.com/hc/en-us/articles/39913906600219--Release-Notes-List-of-All-Courses-in-TPS
GC Wörthsee,Germany,VG2,Regular Course,,GC Wörthsee - Germany,https://support.trackmangolf.com/hc/en-us/articles/39913906600219--Release-Notes-List-of-All-Courses-in-TPS
GKG Iceland - Golfklub i Garðabær,Iceland,VG2,Regular Course,,GKG Iceland - Golfklub i Garðabær - Iceland,https://support.trackmangolf.com/hc/en-us/articles/39913906600219--Release-Notes-List-of-All-Courses-in-TPS
Glen Abbey CC,Canada,VG2,Regular Course,,Glen Abbey CC - Canada,https://support.trackmangolf.com/hc/en-us/articles/39913906600219--Release-Notes-List-of-All-Courses-in-TPS
"Glen Oaks Club, Tournament course","New York, United States",VG2,Regular Course,,"Glen Oaks Club, Tournament course - New York, United States",https://support.trackmangolf.com/hc/en-us/articles/39913906600219--Release-Notes-List-of-All-Courses-in-TPS
Gloria Golf Resort New Course,Turkey,VG2,Regular Course,,Gloria Golf Resort New Course - Turkey,https://support.trackmangolf.com/hc/en-us/articles/39913906600219--Release-Notes-List-of-All-Courses-in-TPS
Gloria Golf Resort Old Course,Turkey,VG2,Regular Course,,Gloria Golf Resort Old Course - Turkey,https://support.trackmangolf.com/hc/en-us/articles/39913906600219--Release-Notes-List-of-All-Courses-in-TPS
Gloria Golf Resort Verde Course,Turkey,VG2,Regular Course,,Gloria Golf Resort Verde Course - Turkey,https://support.trackmangolf.com/hc/en-us/articles/39913906600219--Release-Notes-List-of-All-Courses-in-TPS
Golf and Country Club Berlin-Wannsee e.V.,Germany,VG2,Regular Course,,Golf and Country Club Berlin-Wannsee e.V. - Germany,https://support.trackmangolf.com/hc/en-us/articles/39913906600219--Release-Notes-List-of-All-Courses-in-TPS
Golf and More Huckingen,Germany,VG2,Regular Course,,Golf and More Huckingen - Germany,https://support.trackmangolf.com/hc/en-us/articles/39913906600219--Release-Notes-List-of-All-Courses-in-TPS
Golf Club de Genève,Switzerland,VG2,Regular Course,,Golf Club de Genève - Switzerland,https://support.trackmangolf.com/hc/en-us/articles/39913906600219--Release-Notes-List-of-All-Courses-in-TPS
Golf Crans sur Sierre,Switzerland,VG2,Regular Course,,Golf Crans sur Sierre - Switzerland,https://support.trackmangolf.com/hc/en-us/articles/39913906600219--Release-Notes-List-of-All-Courses-in-TPS
Golf De La Boulie Forest Course,France,VG2,Regular Course,,Golf De La Boulie Forest Course - France,https://support.trackmangolf.com/hc/en-us/articles/39913906600219--Release-Notes-List-of-All-Courses-in-TPS
Golf De La Boulie Valley Course,France,VG2,Regular Course,,Golf De La Boulie Valley Course - France,https://support.trackmangolf.com/hc/en-us/articles/39913906600219--Release-Notes-List-of-All-Courses-in-TPS
Golf De Joyenval (Marly Course),France,VG2,Regular Course,719,Golf De Joyenval (Marly Course) - France (719 MB),https://support.trackmangolf.com/hc/en-us/articles/39913906600219--Release-Notes-List-of-All-Courses-in-TPS
Golf De Joyenval (Retz Course),France,VG2,Regular Course,719,Golf De Joyenval (Retz Course) - France (719 MB),https://support.trackmangolf.com/hc/en-us/articles/39913906600219--Release-Notes-List-of-All-Courses-in-TPS
Golf De Saint - Cloud (Green),France,VG2,Regular Course,,Golf De Saint - Cloud (Green) - France,https://support.trackmangolf.com/hc/en-us/articles/39913906600219--Release-Notes-List-of-All-Courses-in-TPS
Golf De Saint - Cloud (Yellow),France,VG2,Regular Course,,Golf De Saint - Cloud (Yellow) - France,https://support.trackmangolf.com/hc/en-us/articles/39913906600219--Release-Notes-List-of-All-Courses-in-TPS
Golf De Seignosse,France,VG2,Regular Course,,Golf De Seignosse - France,https://support.trackmangolf.com/hc/en-us/articles/39913906600219--Release-Notes-List-of-All-Courses-in-TPS
Golf Lounge Resort – Black Course,Germany,VG2,Regular Course,,Golf Lounge Resort – Black Course - Germany,https://support.trackmangolf.com/hc/en-us/articles/39913906600219--Release-Notes-List-of-All-Courses-in-TPS
Golf Park Holzhausern,Switzerland,VG2,Regular Course,,Golf Park Holzhausern - Switzerland,https://support.trackmangolf.com/hc/en-us/articles/39913906600219--Release-Notes-List-of-All-Courses-in-TPS
Golfbaan Bentwoud (27 Holes),Netherlands,VG2,Regular Course,,Golfbaan Bentwoud (27 Holes) - Netherlands,https://support.trackmangolf.com/hc/en-us/articles/39913906600219--Release-Notes-List-of-All-Courses-in-TPS
Golfclub Cromstrijen (18 hole course),Netherlands,VG2,Regular Course,,Golfclub Cromstrijen (18 hole course) - Netherlands,https://support.trackmangolf.com/hc/en-us/articles/39913906600219--Release-Notes-List-of-All-Courses-in-TPS
Golfclub Cromstrijen (9 hole course),Netherlands,VG2,Regular Course,,Golfclub Cromstrijen (9 hole course) - Netherlands,https://support.trackmangolf.com/hc/en-us/articles/39913906600219--Release-Notes-List-of-All-Courses-in-TPS
Golf-Club Herzogenaurach,Germany,VG2,Regular Course,,Golf-Club Herzogenaurach - Germany,https://support.trackmangolf.com/hc/en-us/articles/39913906600219--Release-Notes-List-of-All-Courses-in-TPS
Golfclub Houtrak,Netherlands,VG2,Regular Course,,Golfclub Houtrak - Netherlands,https://support.trackmangolf.com/hc/en-us/articles/39913906600219--Release-Notes-List-of-All-Courses-in-TPS
Golfclub Kagerzoom (Dekker Warmond),Netherlands,VG2,Regular Course,,Golfclub Kagerzoom (Dekker Warmond) - Netherlands,https://support.trackmangolf.com/hc/en-us/articles/39913906600219--Release-Notes-List-of-All-Courses-in-TPS
Golfklubbur Akureyrar,Iceland,VG2,Regular Course,,Golfklubbur Akureyrar - Iceland,https://support.trackmangolf.com/hc/en-us/articles/39913906600219--Release-Notes-List-of-All-Courses-in-TPS
Golfpark Moossee,Switzerland,VG2,Regular Course,,Golfpark Moossee - Switzerland,https://support.trackmangolf.com/hc/en-us/articles/39913906600219--Release-Notes-List-of-All-Courses-in-TPS
Great Northern,Denmark,VG2,Regular Course,,Great Northern - Denmark,https://support.trackmangolf.com/hc/en-us/articles/39913906600219--Release-Notes-List-of-All-Courses-in-TPS
Great Northern Academy Course,Denmark,VG2,Regular Course,,Great Northern Academy Course - Denmark,https://support.trackmangolf.com/hc/en-us/articles/39913906600219--Release-Notes-List-of-All-Courses-in-TPS
Green Valley Ranch,"Colorado, United States",VG2,Regular Course,,"Green Valley Ranch - Colorado, United States",https://support.trackmangolf.com/hc/en-us/articles/39913906600219--Release-Notes-List-of-All-Courses-in-TPS
Gumbalde,Sweden,VG2,Regular Course,,Gumbalde - Sweden,https://support.trackmangolf.com/hc/en-us/articles/39913906600219--Release-Notes-List-of-All-Courses-in-TPS
Gut Berge,Germany,VG2,Regular Course,,Gut Berge - Germany,https://support.trackmangolf.com/hc/en-us/articles/39913906600219--Release-Notes-List-of-All-Courses-in-TPS
Gut Kaden 27 Holes,Germany,VG2,Regular Course,,Gut Kaden 27 Holes - Germany,https://support.trackmangolf.com/hc/en-us/articles/39913906600219--Release-Notes-List-of-All-Courses-in-TPS
Hallbrook Country Club,"Kansas, United States",VG2,Regular Course,,"Hallbrook Country Club - Kansas, United States",https://support.trackmangolf.com/hc/en-us/articles/39913906600219--Release-Notes-List-of-All-Courses-in-TPS
Hanau-Wilhelmsbad,Germany,VG2,Regular Course,,Hanau-Wilhelmsbad - Germany,https://support.trackmangolf.com/hc/en-us/articles/39913906600219--Release-Notes-List-of-All-Courses-in-TPS
Happy Golfer Golfclub,Sweden,VG2,Regular Course,,Happy Golfer Golfclub - Sweden,https://support.trackmangolf.com/hc/en-us/articles/39913906600219--Release-Notes-List-of-All-Courses-in-TPS
Hart Common Golf Club,United Kingdom,VG2,Regular Course,,Hart Common Golf Club - United Kingdom,https://support.trackmangolf.com/hc/en-us/articles/39913906600219--Release-Notes-List-of-All-Courses-in-TPS
Hartford GC,United Kingdom,VG2,Regular Course,,Hartford GC - United Kingdom,https://support.trackmangolf.com/hc/en-us/articles/39913906600219--Release-Notes-List-of-All-Courses-in-TPS
Haverdals Golfklubb,Sweden,VG2,Regular Course,,Haverdals Golfklubb - Sweden,https://support.trackmangolf.com/hc/en-us/articles/39913906600219--Release-Notes-List-of-All-Courses-in-TPS
Hawktree GC,"North Dakota, United States",VG2,Regular Course,,"Hawktree GC - North Dakota, United States",https://support.trackmangolf.com/hc/en-us/articles/39913906600219--Release-Notes-List-of-All-Courses-in-TPS
Haywards Heath,England,VG2,Regular Course,,Haywards Heath - England,https://support.trackmangolf.com/hc/en-us/articles/39913906600219--Release-Notes-List-of-All-Courses-in-TPS
Het Rijk Golfbanen Nijmegen Course,Netherlands,VG2,Regular Course,,Het Rijk Golfbanen Nijmegen Course - Netherlands,https://support.trackmangolf.com/hc/en-us/articles/39913906600219--Release-Notes-List-of-All-Courses-in-TPS
Het Rijk van Margraten,Netherlands,VG2,Regular Course,,Het Rijk van Margraten - Netherlands,https://support.trackmangolf.com/hc/en-us/articles/39913906600219--Release-Notes-List-of-All-Courses-in-TPS
Hever Castle Golf Club (Championship Course),United Kingdom,VG2,Regular Course,,Hever Castle Golf Club (Championship Course) - United Kingdom,https://support.trackmangolf.com/hc/en-us/articles/39913906600219--Release-Notes-List-of-All-Courses-in-TPS
Hillcrest Country Club,"California, United States",VG2,Regular Course,,"Hillcrest Country Club - California, United States",https://support.trackmangolf.com/hc/en-us/articles/39913906600219--Release-Notes-List-of-All-Courses-in-TPS
Hillerød Golf Klub,Denmark,VG2,Regular Course,,Hillerød Golf Klub - Denmark,https://support.trackmangolf.com/hc/en-us/articles/39913906600219--Release-Notes-List-of-All-Courses-in-TPS
Hillerød Revision,Denmark,VG2,Regular Course,,Hillerød Revision - Denmark,https://support.trackmangolf.com/hc/en-us/articles/39913906600219--Release-Notes-List-of-All-Courses-in-TPS
Hillside,United Kingdom,VG2,Regular Course,,Hillside - United Kingdom,https://support.trackmangolf.com/hc/en-us/articles/39913906600219--Release-Notes-List-of-All-Courses-in-TPS
Hilversumsche,Netherlands,VG2,Regular Course,,Hilversumsche - Netherlands,https://support.trackmangolf.com/hc/en-us/articles/39913906600219--Release-Notes-List-of-All-Courses-in-TPS
Hillwood CC,"Tennessee, United States",VG2,Regular Course,,"Hillwood CC - Tennessee, United States",https://support.trackmangolf.com/hc/en-us/articles/39913906600219--Release-Notes-List-of-All-Courses-in-TPS
HimmerLand Resort - New Course,Denmark,VG2,Regular Course,,HimmerLand Resort - New Course - Denmark,https://support.trackmangolf.com/hc/en-us/articles/39913906600219--Release-Notes-List-of-All-Courses-in-TPS
HimmerLand Resort - Old Course,Denmark,VG2,Regular Course,,HimmerLand Resort - Old Course - Denmark,https://support.trackmangolf.com/hc/en-us/articles/39913906600219--Release-Notes-List-of-All-Courses-in-TPS
Hittfeld GC,Germany,VG2,Regular Course,,Hittfeld GC - Germany,https://support.trackmangolf.com/hc/en-us/articles/39913906600219--Release-Notes-List-of-All-Courses-in-TPS
Hofgut Scheibenhardt Golf Club,Germany,VG2,Regular Course,,Hofgut Scheibenhardt Golf Club - Germany,https://support.trackmangolf.com/hc/en-us/articles/39913906600219--Release-Notes-List-of-All-Courses-in-TPS
Hofgut Georgenthal,Germany,VG2,Regular Course,,Hofgut Georgenthal - Germany,https://support.trackmangolf.com/hc/en-us/articles/39913906600219--Release-Notes-List-of-All-Courses-in-TPS
Hog Neck,"Maryland, United States",VG2,Regular Course,,"Hog Neck - Maryland, United States",https://support.trackmangolf.com/hc/en-us/articles/39913906600219--Release-Notes-List-of-All-Courses-in-TPS
Hooge Graven,Netherlands,VG2,Regular Course,,Hooge Graven - Netherlands,https://support.trackmangolf.com/hc/en-us/articles/39913906600219--Release-Notes-List-of-All-Courses-in-TPS
North Shore Preserve,"Hawaii, United States",VG2,Regular Course,,"North Shore Preserve - Hawaii, United States",https://support.trackmangolf.com/hc/en-us/articles/39913906600219--Release-Notes-List-of-All-Courses-in-TPS
Huseby & Hankø GC,"Manstad, Norway",VG2,Regular Course,,"Huseby & Hankø GC - Manstad, Norway",https://support.trackmangolf.com/hc/en-us/articles/39913906600219--Release-Notes-List-of-All-Courses-in-TPS
Innisbrook Copperhead,"Florida, United States",VG2,Regular Course,,"Innisbrook Copperhead - Florida, United States",https://support.trackmangolf.com/hc/en-us/articles/39913906600219--Release-Notes-List-of-All-Courses-in-TPS
Interlachen Country Club,"Minnesota, United States",VG2,Regular Course,,"Interlachen Country Club - Minnesota, United States",https://support.trackmangolf.com/hc/en-us/articles/39913906600219--Release-Notes-List-of-All-Courses-in-TPS
Iron Horse,"Montana, United States",VG2,Regular Course,,"Iron Horse - Montana, United States",https://support.trackmangolf.com/hc/en-us/articles/39913906600219--Release-Notes-List-of-All-Courses-in-TPS
Kalinowe Pola GC,Poland,VG2,Regular Course,,Kalinowe Pola GC - Poland,https://support.trackmangolf.com/hc/en-us/articles/39913906600219--Release-Notes-List-of-All-Courses-in-TPS
Kawana Hotel Golf Course Oshima,Japan,VG2,Regular Course,,Kawana Hotel Golf Course Oshima - Japan,https://support.trackmangolf.com/hc/en-us/articles/39913906600219--Release-Notes-List-of-All-Courses-in-TPS
Ke’olu,"Hawaii, United States",VG2,Regular Course,,"Ke’olu - Hawaii, United States",https://support.trackmangolf.com/hc/en-us/articles/39913906600219--Release-Notes-List-of-All-Courses-in-TPS
Keilir Golf Course,Iceland,VG2,Regular Course,,Keilir Golf Course - Iceland,https://support.trackmangolf.com/hc/en-us/articles/39913906600219--Release-Notes-List-of-All-Courses-in-TPS
Kempferhof Golf Club,France,VG2,Regular Course,,Kempferhof Golf Club - France,https://support.trackmangolf.com/hc/en-us/articles/39913906600219--Release-Notes-List-of-All-Courses-in-TPS
Keppel Club,Singapore,VG2,Regular Course,,Keppel Club - Singapore,https://support.trackmangolf.com/hc/en-us/articles/39913906600219--Release-Notes-List-of-All-Courses-in-TPS
Kettle Brook Golf Club,"Massachusetts, United States",VG2,Regular Course,,"Kettle Brook Golf Club - Massachusetts, United States",https://support.trackmangolf.com/hc/en-us/articles/39913906600219--Release-Notes-List-of-All-Courses-in-TPS
Keya Golf Club,Japan,VG2,Regular Course,,Keya Golf Club - Japan,https://support.trackmangolf.com/hc/en-us/articles/39913906600219--Release-Notes-List-of-All-Courses-in-TPS
Kiawah Island Club - Cassique,"South Carolina, United States",VG2,Regular Course,,"Kiawah Island Club - Cassique - South Carolina, United States",https://support.trackmangolf.com/hc/en-us/articles/39913906600219--Release-Notes-List-of-All-Courses-in-TPS
Kingsfield Golf Centre,United Kingdom,VG2,Regular Course,,Kingsfield Golf Centre - United Kingdom,https://support.trackmangolf.com/hc/en-us/articles/39913906600219--Release-Notes-List-of-All-Courses-in-TPS
Kissing Tree,"Texas, United States",VG2,Regular Course,,"Kissing Tree - Texas, United States",https://support.trackmangolf.com/hc/en-us/articles/39913906600219--Release-Notes-List-of-All-Courses-in-TPS
Koksijde Golf ter Hille,Belgium,VG2,Regular Course,,Koksijde Golf ter Hille - Belgium,https://support.trackmangolf.com/hc/en-us/articles/39913906600219--Release-Notes-List-of-All-Courses-in-TPS
La Dehesa,Spain,VG2,Regular Course,,La Dehesa - Spain,https://support.trackmangolf.com/hc/en-us/articles/39913906600219--Release-Notes-List-of-All-Courses-in-TPS
La Vista Country Club,Mexico,VG2,Regular Course,,La Vista Country Club - Mexico,https://support.trackmangolf.com/hc/en-us/articles/39913906600219--Release-Notes-List-of-All-Courses-in-TPS
Lago Mar CC,"Florida, United States",VG2,Regular Course,,"Lago Mar CC - Florida, United States",https://support.trackmangolf.com/hc/en-us/articles/39913906600219--Release-Notes-List-of-All-Courses-in-TPS
Lahinch GC,Ireland,VG2,Regular Course,,Lahinch GC - Ireland,https://support.trackmangolf.com/hc/en-us/articles/39913906600219--Release-Notes-List-of-All-Courses-in-TPS
Lake Geneva,"Wisconsin, United States",VG2,Regular Course,,"Lake Geneva - Wisconsin, United States",https://support.trackmangolf.com/hc/en-us/articles/39913906600219--Release-Notes-List-of-All-Courses-in-TPS
Lakeside (9 holes),United Kingdom,VG2,Regular Course,,Lakeside (9 holes) - United Kingdom,https://support.trackmangolf.com/hc/en-us/articles/39913906600219--Release-Notes-List-of-All-Courses-in-TPS
Lakewood CC,"Colorado, United States",VG2,Regular Course,,"Lakewood CC - Colorado, United States",https://support.trackmangolf.com/hc/en-us/articles/39913906600219--Release-Notes-List-of-All-Courses-in-TPS
Landeryds Classic,Sweden,VG2,Regular Course,,Landeryds Classic - Sweden,https://support.trackmangolf.com/hc/en-us/articles/39913906600219--Release-Notes-List-of-All-Courses-in-TPS
Landeryds Masters,Sweden,VG2,Regular Course,,Landeryds Masters - Sweden,https://support.trackmangolf.com/hc/en-us/articles/39913906600219--Release-Notes-List-of-All-Courses-in-TPS
Landskrona Gk (Erikstorp Course),Sweden,VG2,Regular Course,,Landskrona Gk (Erikstorp Course) - Sweden,https://support.trackmangolf.com/hc/en-us/articles/39913906600219--Release-Notes-List-of-All-Courses-in-TPS
Landgoed Bergvliet,The Netherlands,VG2,Regular Course,462,Landgoed Bergvliet - The Netherlands (462 MB),https://support.trackmangolf.com/hc/en-us/articles/39913906600219--Release-Notes-List-of-All-Courses-in-TPS
Le Golf Du Fort,France,VG2,Regular Course,,Le Golf Du Fort - France,https://support.trackmangolf.com/hc/en-us/articles/39913906600219--Release-Notes-List-of-All-Courses-in-TPS
Le Golf National,France,VG2,Regular Course,,Le Golf National - France,https://support.trackmangolf.com/hc/en-us/articles/39913906600219--Release-Notes-List-of-All-Courses-in-TPS
Le Touquet,France,VG2,Regular Course,,Le Touquet - France,https://support.trackmangolf.com/hc/en-us/articles/39913906600219--Release-Notes-List-of-All-Courses-in-TPS
Leatherstocking GC,"New York, United States",VG2,Regular Course,,"Leatherstocking GC - New York, United States",https://support.trackmangolf.com/hc/en-us/articles/39913906600219--Release-Notes-List-of-All-Courses-in-TPS
Leeuwenbergh,Netherlands,VG2,Regular Course,,Leeuwenbergh - Netherlands,https://support.trackmangolf.com/hc/en-us/articles/39913906600219--Release-Notes-List-of-All-Courses-in-TPS
Lidingö GC,Sweden,VG2,Regular Course,,Lidingö GC - Sweden,https://support.trackmangolf.com/hc/en-us/articles/39913906600219--Release-Notes-List-of-All-Courses-in-TPS
Linköping,Sweden,VG2,Regular Course,,Linköping - Sweden,https://support.trackmangolf.com/hc/en-us/articles/39913906600219--Release-Notes-List-of-All-Courses-in-TPS
Long Sutton,United Kingdom,VG2,Regular Course,,Long Sutton - United Kingdom,https://support.trackmangolf.com/hc/en-us/articles/39913906600219--Release-Notes-List-of-All-Courses-in-TPS
Losby Ostmork Course,Norway,VG2,Regular Course,,Losby Ostmork Course - Norway,https://support.trackmangolf.com/hc/en-us/articles/39913906600219--Release-Notes-List-of-All-Courses-in-TPS
Losone GC,Switzerland,VG2,Regular Course,,Losone GC - Switzerland,https://support.trackmangolf.com/hc/en-us/articles/39913906600219--Release-Notes-List-of-All-Courses-in-TPS
Lydinge Golfklubb,Sweden,VG2,Regular Course,,Lydinge Golfklubb - Sweden,https://support.trackmangolf.com/hc/en-us/articles/39913906600219--Release-Notes-List-of-All-Courses-in-TPS
Lübker Golf Club,Denmark,VG2,Regular Course,,Lübker Golf Club - Denmark,https://support.trackmangolf.com/hc/en-us/articles/39913906600219--Release-Notes-List-of-All-Courses-in-TPS
Machynys GC - Monk's Island,United Kingdom,VG2,Regular Course,,Machynys GC - Monk's Island - United Kingdom,https://support.trackmangolf.com/hc/en-us/articles/39913906600219--Release-Notes-List-of-All-Courses-in-TPS
Madison,"California, United States",VG2,Regular Course,,"Madison - California, United States",https://support.trackmangolf.com/hc/en-us/articles/39913906600219--Release-Notes-List-of-All-Courses-in-TPS
Mainzer,Germany,VG2,Regular Course,,Mainzer - Germany,https://support.trackmangolf.com/hc/en-us/articles/39913906600219--Release-Notes-List-of-All-Courses-in-TPS
Makena,"Hawaii, United States",VG2,Regular Course,,"Makena - Hawaii, United States",https://support.trackmangolf.com/hc/en-us/articles/39913906600219--Release-Notes-List-of-All-Courses-in-TPS
Malaro,Sweden,VG2,Regular Course,,Malaro - Sweden,https://support.trackmangolf.com/hc/en-us/articles/39913906600219--Release-Notes-List-of-All-Courses-in-TPS
Manasquan River Golf Club,"New Jersey, United States",VG2,Regular Course,,"Manasquan River Golf Club - New Jersey, United States",https://support.trackmangolf.com/hc/en-us/articles/39913906600219--Release-Notes-List-of-All-Courses-in-TPS
Manchester Golf Club,United Kingdom,VG2,Regular Course,,Manchester Golf Club - United Kingdom,https://support.trackmangolf.com/hc/en-us/articles/39913906600219--Release-Notes-List-of-All-Courses-in-TPS
Marine Drive Golf Club,Canada,VG2,Regular Course,,Marine Drive Golf Club - Canada,https://support.trackmangolf.com/hc/en-us/articles/39913906600219--Release-Notes-List-of-All-Courses-in-TPS
Matsumoto Asama Country Club,Japan,VG2,Regular Course,,Matsumoto Asama Country Club - Japan,https://support.trackmangolf.com/hc/en-us/articles/39913906600219--Release-Notes-List-of-All-Courses-in-TPS
Meadowbrook,"Michigan, United States",VG2,Regular Course,,"Meadowbrook - Michigan, United States",https://support.trackmangolf.com/hc/en-us/articles/39913906600219--Release-Notes-List-of-All-Courses-in-TPS
Medinah,"Illinois, United States",VG2,Regular Course,,"Medinah - Illinois, United States",https://support.trackmangolf.com/hc/en-us/articles/39913906600219--Release-Notes-List-of-All-Courses-in-TPS
Meland GC,Norway,VG2,Regular Course,,Meland GC - Norway,https://support.trackmangolf.com/hc/en-us/articles/39913906600219--Release-Notes-List-of-All-Courses-in-TPS
Miacomet Golf,"Massachusetts, United States",VG2,Regular Course,,"Miacomet Golf - Massachusetts, United States",https://support.trackmangolf.com/hc/en-us/articles/39913906600219--Release-Notes-List-of-All-Courses-in-TPS
Midland Country Club,"Texas, United States",VG2,Regular Course,,Midland Country Club - Texas - United States,https://support.trackmangolf.com/hc/en-us/articles/39913906600219--Release-Notes-List-of-All-Courses-in-TPS
Mieminger Plateau Golf,Austria,VG2,Regular Course,,Mieminger Plateau Golf - Austria,https://support.trackmangolf.com/hc/en-us/articles/39913906600219--Release-Notes-List-of-All-Courses-in-TPS
Miklagard Golf,Norway,VG2,Regular Course,,Miklagard Golf - Norway,https://support.trackmangolf.com/hc/en-us/articles/39913906600219--Release-Notes-List-of-All-Courses-in-TPS
Mission Hills CC,"Kansas, United States",VG2,Regular Course,,"Mission Hills CC - Kansas, United States",https://support.trackmangolf.com/hc/en-us/articles/39913906600219--Release-Notes-List-of-All-Courses-in-TPS
Molinetto CC,Italy,VG2,Regular Course,,Molinetto CC - Italy,https://support.trackmangolf.com/hc/en-us/articles/39913906600219--Release-Notes-List-of-All-Courses-in-TPS
Montecito Club,"California, United States",VG2,Regular Course,,"Montecito Club - California, United States",https://support.trackmangolf.com/hc/en-us/articles/39913906600219--Release-Notes-List-of-All-Courses-in-TPS
Moore Park,Australia,VG2,Regular Course,,Moore Park - Australia,https://support.trackmangolf.com/hc/en-us/articles/39913906600219--Release-Notes-List-of-All-Courses-in-TPS
Mount Edgecombe (The Woods Course),South Africa,VG2,Regular Course,,Mount Edgecombe (The Woods Course) - South Africa,https://support.trackmangolf.com/hc/en-us/articles/39913906600219--Release-Notes-List-of-All-Courses-in-TPS
Mullingar,United Kingdom,VG2,Regular Course,,Mullingar - United Kingdom,https://support.trackmangolf.com/hc/en-us/articles/39913906600219--Release-Notes-List-of-All-Courses-in-TPS
Murhof Golf Club,Austria,VG2,Regular Course,,Murhof Golf Club - Austria,https://support.trackmangolf.com/hc/en-us/articles/39913906600219--Release-Notes-List-of-All-Courses-in-TPS
Mustafa V. Koç Golf Course (Riva GC),Turkey,VG2,Regular Course,,Mustafa V. Koç Golf Course (Riva GC) - Turkey,https://support.trackmangolf.com/hc/en-us/articles/39913906600219--Release-Notes-List-of-All-Courses-in-TPS
National Golf Romania,Romania,VG2,Regular Course,,National Golf Romania - Romania,https://support.trackmangolf.com/hc/en-us/articles/39913906600219--Release-Notes-List-of-All-Courses-in-TPS
NCR Country Club South Course,"Ohio, United States",VG2,Regular Course,,"NCR Country Club South Course - Ohio, United States",https://support.trackmangolf.com/hc/en-us/articles/39913906600219--Release-Notes-List-of-All-Courses-in-TPS
Nemacolin Shepherds Rock,"Pennsylvania, United States",VG2,Regular Course,,"Nemacolin Shepherds Rock - Pennsylvania, United States",https://support.trackmangolf.com/hc/en-us/articles/39913906600219--Release-Notes-List-of-All-Courses-in-TPS
New Golf Club - Neu-Ulm,Germany,VG2,Regular Course,,New Golf Club - Neu-Ulm - Germany,https://support.trackmangolf.com/hc/en-us/articles/39913906600219--Release-Notes-List-of-All-Courses-in-TPS
Noboribetsu CC,Japan,VG2,Regular Course,,Noboribetsu CC - Japan,https://support.trackmangolf.com/hc/en-us/articles/39913906600219--Release-Notes-List-of-All-Courses-in-TPS
Nokia River Golf River Course,Finland,VG2,Regular Course,,Nokia River Golf River Course - Finland,https://support.trackmangolf.com/hc/en-us/articles/39913906600219--Release-Notes-List-of-All-Courses-in-TPS
Nokia River Golf Rocks Course,Finland,VG2,Regular Course,,Nokia River Golf Rocks Course - Finland,https://support.trackmangolf.com/hc/en-us/articles/39913906600219--Release-Notes-List-of-All-Courses-in-TPS
North at Cherokee Town & Country Club,"Georgia, United States",VG2,Regular Course,,"North at Cherokee Town & Country Club - Georgia, United States",https://support.trackmangolf.com/hc/en-us/articles/39913906600219--Release-Notes-List-of-All-Courses-in-TPS
Nøtterøy Golf Club,Norway,VG2,Regular Course,,Nøtterøy Golf Club - Norway,https://support.trackmangolf.com/hc/en-us/articles/39913906600219--Release-Notes-List-of-All-Courses-in-TPS
Nottinghamshire,United Kingdom,VG2,Regular Course,,Nottinghamshire - United Kingdom,https://support.trackmangolf.com/hc/en-us/articles/39913906600219--Release-Notes-List-of-All-Courses-in-TPS
Oakdale,Canada,VG2,Regular Course,,Oakdale - Canada,https://support.trackmangolf.com/hc/en-us/articles/39913906600219--Release-Notes-List-of-All-Courses-in-TPS
Oakwood,"Missouri, United States",VG2,Regular Course,,"Oakwood - Missouri, United States",https://support.trackmangolf.com/hc/en-us/articles/39913906600219--Release-Notes-List-of-All-Courses-in-TPS
Ockenburgh (9 holes),Netherlands,VG2,Regular Course,,Ockenburgh (9 holes) - Netherlands,https://support.trackmangolf.com/hc/en-us/articles/39913906600219--Release-Notes-List-of-All-Courses-in-TPS
Old Course Vilamoura,Portugal,VG2,Regular Course,,Old Course Vilamoura - Portugal,https://support.trackmangolf.com/hc/en-us/articles/39913906600219--Release-Notes-List-of-All-Courses-in-TPS
Old Works,"Montana, United States",VG2,Regular Course,,"Old Works - Montana, United States",https://support.trackmangolf.com/hc/en-us/articles/39913906600219--Release-Notes-List-of-All-Courses-in-TPS
Olympic Golf Course,Brazil,VG2,Regular Course,,Olympic Golf Course - Brazil,https://support.trackmangolf.com/hc/en-us/articles/39913906600219--Release-Notes-List-of-All-Courses-in-TPS
Omanu GC,"Mount Maunganui, New Zealand",VG2,Regular Course,,"Omanu GC - Mount Maunganui, New Zealand",https://support.trackmangolf.com/hc/en-us/articles/39913906600219--Release-Notes-List-of-All-Courses-in-TPS
Orchard Lake,"Michigan, United States",VG2,Regular Course,,"Orchard Lake - Michigan, United States",https://support.trackmangolf.com/hc/en-us/articles/39913906600219--Release-Notes-List-of-All-Courses-in-TPS
Örestads Golfklubb (yellow and blue 18 holes),Sweden,VG2,Regular Course,,Örestads Golfklubb (yellow and blue 18 holes) - Sweden,https://support.trackmangolf.com/hc/en-us/articles/39913906600219--Release-Notes-List-of-All-Courses-in-TPS
Oswego Lake CC,"Oregon, United States",VG2,Regular Course,,"Oswego Lake CC - Oregon, United States",https://support.trackmangolf.com/hc/en-us/articles/39913906600219--Release-Notes-List-of-All-Courses-in-TPS
Otelfingen,Switzerland,VG2,Regular Course,,Otelfingen - Switzerland,https://support.trackmangolf.com/hc/en-us/articles/39913906600219--Release-Notes-List-of-All-Courses-in-TPS
Overbrook Golf Club,"Pennsylvania, United States",VG2,Regular Course,,"Overbrook Golf Club - Pennsylvania, United States",https://support.trackmangolf.com/hc/en-us/articles/39913906600219--Release-Notes-List-of-All-Courses-in-TPS
Oxbow,"North Dakota, United States",VG2,Regular Course,,"Oxbow - North Dakota, United States",https://support.trackmangolf.com/hc/en-us/articles/39913906600219--Release-Notes-List-of-All-Courses-in-TPS
Palmerstown House Estate,Ireland,VG2,Regular Course,,Palmerstown House Estate - Ireland,https://support.trackmangolf.com/hc/en-us/articles/39913906600219--Release-Notes-List-of-All-Courses-in-TPS
Paris International GC,France,VG2,Regular Course,,Paris International GC - France,https://support.trackmangolf.com/hc/en-us/articles/39913906600219--Release-Notes-List-of-All-Courses-in-TPS
Park Golf,Czech Republic,VG2,Regular Course,,Park Golf - Czech Republic,https://support.trackmangolf.com/hc/en-us/articles/39913906600219--Release-Notes-List-of-All-Courses-in-TPS
Penrhos Park Golf Club,United Kingdom,VG2,Regular Course,,Penrhos Park Golf Club - United Kingdom,https://support.trackmangolf.com/hc/en-us/articles/39913906600219--Release-Notes-List-of-All-Courses-in-TPS
Peuramaa Golf: Porkkala Course,Finland,VG2,Regular Course,492,Peuramaa Golf: Porkkala Course - Finland (492 MB),https://support.trackmangolf.com/hc/en-us/articles/39913906600219--Release-Notes-List-of-All-Courses-in-TPS
Peuramaa Golf: Vanha Peura,Finland,VG2,Regular Course,499,Peuramaa Golf: Vanha Peura - Finland (499 MB),https://support.trackmangolf.com/hc/en-us/articles/39913906600219--Release-Notes-List-of-All-Courses-in-TPS
PGA Frisco - The Swing,"Texas, United States",VG2,Regular Course,,"PGA Frisco - The Swing - Texas, United States",https://support.trackmangolf.com/hc/en-us/articles/39913906600219--Release-Notes-List-of-All-Courses-in-TPS
PGA Frisco Fields Ranch East,"Texas, United States",VG2,Regular Course,,"PGA Frisco Fields Ranch East - Texas, United States",https://support.trackmangolf.com/hc/en-us/articles/39913906600219--Release-Notes-List-of-All-Courses-in-TPS
PGA Frisco Fields Ranch West,"Texas, United States",VG2,Regular Course,,"PGA Frisco Fields Ranch West - Texas, United States",https://support.trackmangolf.com/hc/en-us/articles/39913906600219--Release-Notes-List-of-All-Courses-in-TPS
PGA West - Dye Mountain,"California, United States",VG2,Regular Course,,"PGA West - Dye Mountain - California, United States",https://support.trackmangolf.com/hc/en-us/articles/39913906600219--Release-Notes-List-of-All-Courses-in-TPS
PGA West Nicklaus Tournament course,"California, United States",VG2,Regular Course,,"PGA West Nicklaus Tournament course - California, United States",https://support.trackmangolf.com/hc/en-us/articles/39913906600219--Release-Notes-List-of-All-Courses-in-TPS
Phoenix CC Nichinan - Takachiho,Japan,VG2,Regular Course,,Phoenix CC Nichinan - Takachiho - Japan,https://support.trackmangolf.com/hc/en-us/articles/39913906600219--Release-Notes-List-of-All-Courses-in-TPS
Phoenix CC Sumiyoshi - Nichinan,Japan,VG2,Regular Course,,Phoenix CC Sumiyoshi - Nichinan - Japan,https://support.trackmangolf.com/hc/en-us/articles/39913906600219--Release-Notes-List-of-All-Courses-in-TPS
Phoenix CC Takachiho - Sumiyoshi,Japan,VG2,Regular Course,,Phoenix CC Takachiho - Sumiyoshi - Japan,https://support.trackmangolf.com/hc/en-us/articles/39913906600219--Release-Notes-List-of-All-Courses-in-TPS
Pine Brook CC,"Massachusetts, United States",VG2,Regular Course,,"Pine Brook CC - Massachusetts, United States",https://support.trackmangolf.com/hc/en-us/articles/39913906600219--Release-Notes-List-of-All-Courses-in-TPS
Plainfield CC,"New Jersey, United States",VG2,Regular Course,,"Plainfield CC - New Jersey, United States",https://support.trackmangolf.com/hc/en-us/articles/39913906600219--Release-Notes-List-of-All-Courses-in-TPS
Playa Grande,Dominican Republic,VG2,Regular Course,,Playa Grande - Dominican Republic,https://support.trackmangolf.com/hc/en-us/articles/39913906600219--Release-Notes-List-of-All-Courses-in-TPS
Pokegama,"Minnesota, United States",VG2,Regular Course,,"Pokegama - Minnesota, United States",https://support.trackmangolf.com/hc/en-us/articles/39913906600219--Release-Notes-List-of-All-Courses-in-TPS
Port Huron GC,"Michigan, United States",VG2,Regular Course,,"Port Huron GC - Michigan, United States",https://support.trackmangolf.com/hc/en-us/articles/39913906600219--Release-Notes-List-of-All-Courses-in-TPS
Portland Golf Club,"Oregon, United States",VG2,Regular Course,,"Portland Golf Club - Oregon, United States",https://support.trackmangolf.com/hc/en-us/articles/39913906600219--Release-Notes-List-of-All-Courses-in-TPS
Prairie Bluff,"Illinois, United States",VG2,Regular Course,,"Prairie Bluff - Illinois, United States",https://support.trackmangolf.com/hc/en-us/articles/39913906600219--Release-Notes-List-of-All-Courses-in-TPS
Primland,"Virginia, United States",VG2,Regular Course,,"Primland - Virginia, United States",https://support.trackmangolf.com/hc/en-us/articles/39913906600219--Release-Notes-List-of-All-Courses-in-TPS
Princenbosch (27 holes - 3 versions),Netherlands,VG2,Regular Course,,Princenbosch (27 holes - 3 versions) - Netherlands,https://support.trackmangolf.com/hc/en-us/articles/39913906600219--Release-Notes-List-of-All-Courses-in-TPS
Promontory (Dye Course),"Utah, United States",VG2,Regular Course,,"Promontory (Dye Course) - Utah, United States",https://support.trackmangolf.com/hc/en-us/articles/39913906600219--Release-Notes-List-of-All-Courses-in-TPS
Promontory (Nicklaus),"Utah, United States",VG2,Regular Course,,"Promontory (Nicklaus) - Utah, United States",https://support.trackmangolf.com/hc/en-us/articles/39913906600219--Release-Notes-List-of-All-Courses-in-TPS
Quaker Ridge GC,"New York, United States",VG2,Regular Course,,"Quaker Ridge GC - New York, United States",https://support.trackmangolf.com/hc/en-us/articles/39913906600219--Release-Notes-List-of-All-Courses-in-TPS
Quarry Ridge,"Connecticut, United States",VG2,Regular Course,,"Quarry Ridge - Connecticut, United States",https://support.trackmangolf.com/hc/en-us/articles/39913906600219--Release-Notes-List-of-All-Courses-in-TPS
Rae Golf,Estonia,VG2,Regular Course,,Rae Golf - Estonia,https://support.trackmangolf.com/hc/en-us/articles/39913906600219--Release-Notes-List-of-All-Courses-in-TPS
Reykjavik Grafarholt,Iceland,VG2,Regular Course,,Reykjavik Grafarholt - Iceland,https://support.trackmangolf.com/hc/en-us/articles/39913906600219--Release-Notes-List-of-All-Courses-in-TPS
Reykjavik Korpa Ain/Landid,Iceland,VG2,Regular Course,,Reykjavik Korpa Ain/Landid - Iceland,https://support.trackmangolf.com/hc/en-us/articles/39913906600219--Release-Notes-List-of-All-Courses-in-TPS
Reykjavik Korpa Sjorinn/Ain,Iceland,VG2,Regular Course,,Reykjavik Korpa Sjorinn/Ain - Iceland,https://support.trackmangolf.com/hc/en-us/articles/39913906600219--Release-Notes-List-of-All-Courses-in-TPS
Reykjavik Korpa Sjorinn/Landio,Iceland,VG2,Regular Course,,Reykjavik Korpa Sjorinn/Landio - Iceland,https://support.trackmangolf.com/hc/en-us/articles/39913906600219--Release-Notes-List-of-All-Courses-in-TPS
Richland CC,"Tennessee, United States",VG2,Regular Course,,"Richland CC - Tennessee, United States",https://support.trackmangolf.com/hc/en-us/articles/39913906600219--Release-Notes-List-of-All-Courses-in-TPS
"Ridgewood CC, Championship","New Jersey, United States",VG2,Regular Course,,"Ridgewood CC, Championship - New Jersey, United States",https://support.trackmangolf.com/hc/en-us/articles/39913906600219--Release-Notes-List-of-All-Courses-in-TPS
Riyadh Golf Course,Saudi Arabia,VG2,Regular Course,,Riyadh Golf Course - Saudi Arabia,https://support.trackmangolf.com/hc/en-us/articles/39913906600219--Release-Notes-List-of-All-Courses-in-TPS
Rochester,"Minnesota, United States",VG2,Regular Course,,"Rochester - Minnesota, United States",https://support.trackmangolf.com/hc/en-us/articles/39913906600219--Release-Notes-List-of-All-Courses-in-TPS
Rockledge Golf Club,"West Hartford, United Stated",VG2,Regular Course,,"Rockledge Golf Club - West Hartford, United Stated",https://support.trackmangolf.com/hc/en-us/articles/39913906600219--Release-Notes-List-of-All-Courses-in-TPS
Romanby Golf & Country Club,United Kingdom,VG2,Regular Course,,Romanby Golf & Country Club - United Kingdom,https://support.trackmangolf.com/hc/en-us/articles/39913906600219--Release-Notes-List-of-All-Courses-in-TPS
Rönnebeck Hinton,Sweden,VG2,Regular Course,,Rönnebeck Hinton - Sweden,https://support.trackmangolf.com/hc/en-us/articles/39913906600219--Release-Notes-List-of-All-Courses-in-TPS
Royal Birkdale,United Kingdom,VG2,Regular Course,,Royal Birkdale - United Kingdom,https://support.trackmangolf.com/hc/en-us/articles/39913906600219--Release-Notes-List-of-All-Courses-in-TPS
Royal Drottningholm GC,Sweden,VG2,Regular Course,,Royal Drottningholm GC - Sweden,https://support.trackmangolf.com/hc/en-us/articles/39913906600219--Release-Notes-List-of-All-Courses-in-TPS
Royal Homburger GC,Germany,VG2,Regular Course,,Royal Homburger GC - Germany,https://support.trackmangolf.com/hc/en-us/articles/39913906600219--Release-Notes-List-of-All-Courses-in-TPS
Royal Melbourne Golf Club East,Australia,VG2,Regular Course,,Royal Melbourne Golf Club East - Australia,https://support.trackmangolf.com/hc/en-us/articles/39913906600219--Release-Notes-List-of-All-Courses-in-TPS
Royal Melbourne Golf Club West,Australia,VG2,Regular Course,,Royal Melbourne Golf Club West - Australia,https://support.trackmangolf.com/hc/en-us/articles/39913906600219--Release-Notes-List-of-All-Courses-in-TPS
Royal Ostend GC,Belgium,VG2,Regular Course,,Royal Ostend GC - Belgium,https://support.trackmangolf.com/hc/en-us/articles/39913906600219--Release-Notes-List-of-All-Courses-in-TPS
Royal Ottowa,Canada,VG2,Regular Course,,Royal Ottowa - Canada,https://support.trackmangolf.com/hc/en-us/articles/39913906600219--Release-Notes-List-of-All-Courses-in-TPS
Royal St Georges,United Kingdom,VG2,Regular Course,,Royal St Georges - United Kingdom,https://support.trackmangolf.com/hc/en-us/articles/39913906600219--Release-Notes-List-of-All-Courses-in-TPS
Royal Troon,United Kingdom,VG2,Regular Course,,Royal Troon - United Kingdom,https://support.trackmangolf.com/hc/en-us/articles/39913906600219--Release-Notes-List-of-All-Courses-in-TPS
Rungsted Golf Club,Denmark,VG2,Regular Course,,Rungsted Golf Club - Denmark,https://support.trackmangolf.com/hc/en-us/articles/39913906600219--Release-Notes-List-of-All-Courses-in-TPS
Rya GK Old Course,Sweden,VG2,Regular Course,,Rya GK Old Course - Sweden,https://support.trackmangolf.com/hc/en-us/articles/39913906600219--Release-Notes-List-of-All-Courses-in-TPS
Schloss-Platz,Germany,VG2,Regular Course,,Schloss-Platz - Germany,https://support.trackmangolf.com/hc/en-us/articles/39913906600219--Release-Notes-List-of-All-Courses-in-TPS
Scioto Country Club,"Ohio, United States",VG2,Regular Course,,"Scioto Country Club - Ohio, United States",https://support.trackmangolf.com/hc/en-us/articles/39913906600219--Release-Notes-List-of-All-Courses-in-TPS
Scioto Country Club Pre-Restoration,"Ohio, United States",VG2,Regular Course,,"Scioto Country Club Pre-Restoration - Ohio, United States",https://support.trackmangolf.com/hc/en-us/articles/39913906600219--Release-Notes-List-of-All-Courses-in-TPS
Sea Island Plantation,"Georgia, United States",VG2,Regular Course,,"Sea Island Plantation - Georgia, United States",https://support.trackmangolf.com/hc/en-us/articles/39913906600219--Release-Notes-List-of-All-Courses-in-TPS
Sea Island Seaside,"Georgia, United States",VG2,Regular Course,,"Sea Island Seaside - Georgia, United States",https://support.trackmangolf.com/hc/en-us/articles/39913906600219--Release-Notes-List-of-All-Courses-in-TPS
Sea Island Seaside (rebuild),"Georgia, United States",VG2,Regular Course,,"Sea Island Seaside (rebuild) - Georgia, United States",https://support.trackmangolf.com/hc/en-us/articles/39913906600219--Release-Notes-List-of-All-Courses-in-TPS
Sebonack,"New York, United States",VG2,Regular Course,,"Sebonack - New York, United States",https://support.trackmangolf.com/hc/en-us/articles/39913906600219--Release-Notes-List-of-All-Courses-in-TPS
Sembawang Country Club,Singapore,VG2,Regular Course,,Sembawang Country Club - Singapore,https://support.trackmangolf.com/hc/en-us/articles/39913906600219--Release-Notes-List-of-All-Courses-in-TPS
Shadowlands,Fictional,VG2,Regular Course,,Shadowlands - Fictional,https://support.trackmangolf.com/hc/en-us/articles/39913906600219--Release-Notes-List-of-All-Courses-in-TPS
"Shangri La Resort, Champions/Heritage","Oklahoma, United States",VG2,Regular Course,,"Shangri La Resort, Champions/Heritage - Oklahoma, United States",https://support.trackmangolf.com/hc/en-us/articles/39913906600219--Release-Notes-List-of-All-Courses-in-TPS
"Shangri La Resort, Heritage/Legends","Oklahoma, United States",VG2,Regular Course,,"Shangri La Resort, Heritage/Legends - Oklahoma, United States",https://support.trackmangolf.com/hc/en-us/articles/39913906600219--Release-Notes-List-of-All-Courses-in-TPS
"Shangri La Resort, Legends/Champions","Oklahoma, United States",VG2,Regular Course,,"Shangri La Resort, Legends/Champions - Oklahoma, United States",https://support.trackmangolf.com/hc/en-us/articles/39913906600219--Release-Notes-List-of-All-Courses-in-TPS
Shelter Harbor,"Rhode Island, United States",VG2,Regular Course,,"Shelter Harbor - Rhode Island, United States",https://support.trackmangolf.com/hc/en-us/articles/39913906600219--Release-Notes-List-of-All-Courses-in-TPS
Shishido Hills,Japan,VG2,Regular Course,,Shishido Hills - Japan,https://support.trackmangolf.com/hc/en-us/articles/39913906600219--Release-Notes-List-of-All-Courses-in-TPS
Shizu Hills Country Club,Japan,VG2,Regular Course,,Shizu Hills Country Club - Japan,https://support.trackmangolf.com/hc/en-us/articles/39913906600219--Release-Notes-List-of-All-Courses-in-TPS
Shooting Star,"Wyoming, United States",VG2,Regular Course,,"Shooting Star - Wyoming, United States",https://support.trackmangolf.com/hc/en-us/articles/39913906600219--Release-Notes-List-of-All-Courses-in-TPS
Silo Ridge,"New York, United States",VG2,Regular Course,,"Silo Ridge - New York, United States",https://support.trackmangolf.com/hc/en-us/articles/39913906600219--Release-Notes-List-of-All-Courses-in-TPS
Skerike Golfklubb,Sweden,VG2,Regular Course,,Skerike Golfklubb - Sweden,https://support.trackmangolf.com/hc/en-us/articles/39913906600219--Release-Notes-List-of-All-Courses-in-TPS
Slinfold Golf & Country Club,United Kingdom,VG2,Regular Course,,Slinfold Golf & Country Club - United Kingdom,https://support.trackmangolf.com/hc/en-us/articles/39913906600219--Release-Notes-List-of-All-Courses-in-TPS
Sola Golfklubb (Solastranden Course),Norway,VG2,Regular Course,,Sola Golfklubb (Solastranden Course) - Norway,https://support.trackmangolf.com/hc/en-us/articles/39913906600219--Release-Notes-List-of-All-Courses-in-TPS
Sola Golfklubb - Forus Course,Norway,VG2,Regular Course,,Sola Golfklubb - Forus Course - Norway,https://support.trackmangolf.com/hc/en-us/articles/39913906600219--Release-Notes-List-of-All-Courses-in-TPS
Southview CC,"Minnesota, United States",VG2,Regular Course,,"Southview CC - Minnesota, United States",https://support.trackmangolf.com/hc/en-us/articles/39913906600219--Release-Notes-List-of-All-Courses-in-TPS
Stavanger Golfklubb,Norway,VG2,Regular Course,,Stavanger Golfklubb - Norway,https://support.trackmangolf.com/hc/en-us/articles/39913906600219--Release-Notes-List-of-All-Courses-in-TPS
St Andrews Links Castle Course,United Kingdom,VG2,Regular Course,,St Andrews Links Castle Course - United Kingdom,https://support.trackmangolf.com/hc/en-us/articles/39913906600219--Release-Notes-List-of-All-Courses-in-TPS
St Andrews Links Jubilee Course,United Kingdom,VG2,Regular Course,,St Andrews Links Jubilee Course - United Kingdom,https://support.trackmangolf.com/hc/en-us/articles/39913906600219--Release-Notes-List-of-All-Courses-in-TPS
St Andrews Links New Course,United Kingdom,VG2,Regular Course,,St Andrews Links New Course - United Kingdom,https://support.trackmangolf.com/hc/en-us/articles/39913906600219--Release-Notes-List-of-All-Courses-in-TPS
St Clair Country Club Championship Course,"Pennsylvania, United States",VG2,Regular Course,,"St Clair Country Club Championship Course - Pennsylvania, United States",https://support.trackmangolf.com/hc/en-us/articles/39913906600219--Release-Notes-List-of-All-Courses-in-TPS
St Clair Country Club Terrace Course,"Pittsburgh, United States",VG2,Regular Course,,"St Clair Country Club Terrace Course - Pittsburgh, United States",https://support.trackmangolf.com/hc/en-us/articles/39913906600219--Release-Notes-List-of-All-Courses-in-TPS
St Georges,Canada,VG2,Regular Course,,St Georges - Canada,https://support.trackmangolf.com/hc/en-us/articles/39913906600219--Release-Notes-List-of-All-Courses-in-TPS
Stensballegaard (27 Holes),Denmark,VG2,Regular Course,,Stensballegaard (27 Holes) - Denmark,https://support.trackmangolf.com/hc/en-us/articles/39913906600219--Release-Notes-List-of-All-Courses-in-TPS
Stjordal,Norway,VG2,Regular Course,,Stjordal - Norway,https://support.trackmangolf.com/hc/en-us/articles/39913906600219--Release-Notes-List-of-All-Courses-in-TPS
Stock Brook Country Club,United Kingdom,VG2,Regular Course,,Stock Brook Country Club - United Kingdom,https://support.trackmangolf.com/hc/en-us/articles/39913906600219--Release-Notes-List-of-All-Courses-in-TPS
Stoneham,United Kingdom,VG2,Regular Course,,Stoneham - United Kingdom,https://support.trackmangolf.com/hc/en-us/articles/39913906600219--Release-Notes-List-of-All-Courses-in-TPS
Strandtorp (9 holes),Sweden,VG2,Regular Course,,Strandtorp (9 holes) - Sweden,https://support.trackmangolf.com/hc/en-us/articles/39913906600219--Release-Notes-List-of-All-Courses-in-TPS
Stratford Oaks,United Kingdom,VG2,Regular Course,,Stratford Oaks - United Kingdom,https://support.trackmangolf.com/hc/en-us/articles/39913906600219--Release-Notes-List-of-All-Courses-in-TPS
Stuttgarter Golf-Club Solitude,Germany,VG2,Regular Course,,Stuttgarter Golf-Club Solitude - Germany,https://support.trackmangolf.com/hc/en-us/articles/39913906600219--Release-Notes-List-of-All-Courses-in-TPS
Sutton Bay,"South Dakota, United States",VG2,Regular Course,,"Sutton Bay - South Dakota, United States",https://support.trackmangolf.com/hc/en-us/articles/39913906600219--Release-Notes-List-of-All-Courses-in-TPS
Suvarna Jakarta Golf Club (27 holes),Indonesia,VG2,Regular Course,,Suvarna Jakarta Golf Club (27 holes) - Indonesia,https://support.trackmangolf.com/hc/en-us/articles/39913906600219--Release-Notes-List-of-All-Courses-in-TPS
Syke,Germany,VG2,Regular Course,,Syke - Germany,https://support.trackmangolf.com/hc/en-us/articles/39913906600219--Release-Notes-List-of-All-Courses-in-TPS
Tacoma C&GC,"Washington, United States",VG2,Regular Course,,"Tacoma C&GC - Washington, United States",https://support.trackmangolf.com/hc/en-us/articles/39913906600219--Release-Notes-List-of-All-Courses-in-TPS
Taiheiyo/Minori,Japan,VG2,Regular Course,,Taiheiyo/Minori - Japan,https://support.trackmangolf.com/hc/en-us/articles/39913906600219--Release-Notes-List-of-All-Courses-in-TPS
Tapiola GC,Finland,VG2,Regular Course,,Tapiola GC - Finland,https://support.trackmangolf.com/hc/en-us/articles/39913906600219--Release-Notes-List-of-All-Courses-in-TPS
The Camellia Course at Killearn Club,"Florida, United States",VG2,Regular Course,,"The Camellia Course at Killearn Club - Florida, United States",https://support.trackmangolf.com/hc/en-us/articles/39913906600219--Release-Notes-List-of-All-Courses-in-TPS
The Club at Olde Stone,"Kentucky, United States",VG2,Regular Course,,"The Club at Olde Stone - Kentucky, United States",https://support.trackmangolf.com/hc/en-us/articles/39913906600219--Release-Notes-List-of-All-Courses-in-TPS
The Drift,United Kingdom,VG2,Regular Course,,The Drift - United Kingdom,https://support.trackmangolf.com/hc/en-us/articles/39913906600219--Release-Notes-List-of-All-Courses-in-TPS
The Duke Club,Netherlands,VG2,Regular Course,,The Duke Club - Netherlands,https://support.trackmangolf.com/hc/en-us/articles/39913906600219--Release-Notes-List-of-All-Courses-in-TPS
The Grove,United Kingdom,VG2,Regular Course,,The Grove - United Kingdom,https://support.trackmangolf.com/hc/en-us/articles/39913906600219--Release-Notes-List-of-All-Courses-in-TPS
The Heather at Boyne Highlands,"Michigan, United States",VG2,Regular Course,,"The Heather at Boyne Highlands - Michigan, United States",https://support.trackmangolf.com/hc/en-us/articles/39913906600219--Release-Notes-List-of-All-Courses-in-TPS
The Hideaway Clive Clark,"California, United States",VG2,Regular Course,,"The Hideaway Clive Clark - California, United States",https://support.trackmangolf.com/hc/en-us/articles/39913906600219--Release-Notes-List-of-All-Courses-in-TPS
The Hideaway Pete Dye,"California, United States",VG2,Regular Course,,"The Hideaway Pete Dye - California, United States",https://support.trackmangolf.com/hc/en-us/articles/39913906600219--Release-Notes-List-of-All-Courses-in-TPS
The National Golf,Belgium,VG2,Regular Course,,The National Golf - Belgium,https://support.trackmangolf.com/hc/en-us/articles/39913906600219--Release-Notes-List-of-All-Courses-in-TPS
The National Lakes,Sweden,VG2,Regular Course,,The National Lakes - Sweden,https://support.trackmangolf.com/hc/en-us/articles/39913906600219--Release-Notes-List-of-All-Courses-in-TPS
The National Links,Sweden,VG2,Regular Course,,The National Links - Sweden,https://support.trackmangolf.com/hc/en-us/articles/39913906600219--Release-Notes-List-of-All-Courses-in-TPS
The Ridge Golf Club,United Kingdom,VG2,Regular Course,,The Ridge Golf Club - United Kingdom,https://support.trackmangolf.com/hc/en-us/articles/39913906600219--Release-Notes-List-of-All-Courses-in-TPS
The Royal Golf Club,Bahrain,VG2,Regular Course,,The Royal Golf Club - Bahrain,https://support.trackmangolf.com/hc/en-us/articles/39913906600219--Release-Notes-List-of-All-Courses-in-TPS
The Royal Montreal Golf Club Blue Course,Canada,VG2,Regular Course,,The Royal Montreal Golf Club Blue Course - Canada,https://support.trackmangolf.com/hc/en-us/articles/39913906600219--Release-Notes-List-of-All-Courses-in-TPS
The Royal Sydney Golf Club Championship Course,Australia,VG2,Regular Course,,The Royal Sydney Golf Club Championship Course - Australia,https://support.trackmangolf.com/hc/en-us/articles/39913906600219--Release-Notes-List-of-All-Courses-in-TPS
The Springhaven Club,"Pennsylvania, United States",VG2,Regular Course,,"The Springhaven Club - Pennsylvania, United States",https://support.trackmangolf.com/hc/en-us/articles/39913906600219--Release-Notes-List-of-All-Courses-in-TPS
The Summit Club,"Nevada, United States",VG2,Regular Course,,"The Summit Club - Nevada, United States",https://support.trackmangolf.com/hc/en-us/articles/39913906600219--Release-Notes-List-of-All-Courses-in-TPS
The Valley Course at Crane Valley Golf Club,United Kingdom,VG2,Regular Course,,The Valley Course at Crane Valley Golf Club - United Kingdom,https://support.trackmangolf.com/hc/en-us/articles/39913906600219--Release-Notes-List-of-All-Courses-in-TPS
Thumper Pond Golf Course,"Minnesota, United States",VG2,Regular Course,,"Thumper Pond Golf Course - Minnesota, United States",https://support.trackmangolf.com/hc/en-us/articles/39913906600219--Release-Notes-List-of-All-Courses-in-TPS
Timrå GK,Sweden,VG2,Regular Course,,Timrå GK - Sweden,https://support.trackmangolf.com/hc/en-us/articles/39913906600219--Release-Notes-List-of-All-Courses-in-TPS
Tranås Golfklubb,Sweden,VG2,Regular Course,,Tranås Golfklubb - Sweden,https://support.trackmangolf.com/hc/en-us/articles/39913906600219--Release-Notes-List-of-All-Courses-in-TPS
Tributary,"Idaho, United States",VG2,Regular Course,,"Tributary - Idaho, United States",https://support.trackmangolf.com/hc/en-us/articles/39913906600219--Release-Notes-List-of-All-Courses-in-TPS
Trinity Forest Golf Club,"Texas, United States",VG2,Regular Course,,"Trinity Forest Golf Club - Texas, United States",https://support.trackmangolf.com/hc/en-us/articles/39913906600219--Release-Notes-List-of-All-Courses-in-TPS
Troubadour TN,"Tennessee, United States",VG2,Regular Course,,"Troubadour TN - Tennessee, United States",https://support.trackmangolf.com/hc/en-us/articles/39913906600219--Release-Notes-List-of-All-Courses-in-TPS
Troxhammar,Sweden,VG2,Regular Course,,Troxhammar - Sweden,https://support.trackmangolf.com/hc/en-us/articles/39913906600219--Release-Notes-List-of-All-Courses-in-TPS
Trump Dubai,United Arab Emirates,VG2,Regular Course,,Trump Dubai - United Arab Emirates,https://support.trackmangolf.com/hc/en-us/articles/39913906600219--Release-Notes-List-of-All-Courses-in-TPS
Union League Liberty Hill,"Pennsylvania, United States",VG2,Regular Course,,"Union League Liberty Hill - Pennsylvania, United States",https://support.trackmangolf.com/hc/en-us/articles/39913906600219--Release-Notes-List-of-All-Courses-in-TPS
Union League Torresdale,"Pennsylvania, United States",VG2,Regular Course,,"Union League Torresdale - Pennsylvania, United States",https://support.trackmangolf.com/hc/en-us/articles/39913906600219--Release-Notes-List-of-All-Courses-in-TPS
Vallda,Sweden,VG2,Regular Course,,Vallda - Sweden,https://support.trackmangolf.com/hc/en-us/articles/39913906600219--Release-Notes-List-of-All-Courses-in-TPS
Varbergs GK,Sweden,VG2,Regular Course,,Varbergs GK - Sweden,https://support.trackmangolf.com/hc/en-us/articles/39913906600219--Release-Notes-List-of-All-Courses-in-TPS
Vasatorp Tournament Course,Sweden,VG2,Regular Course,,Vasatorp Tournament Course - Sweden,https://support.trackmangolf.com/hc/en-us/articles/39913906600219--Release-Notes-List-of-All-Courses-in-TPS
Vattanac East,Cambodia,VG2,Regular Course,,Vattanac East - Cambodia,https://support.trackmangolf.com/hc/en-us/articles/39913906600219--Release-Notes-List-of-All-Courses-in-TPS
Vattanac West,Cambodia,VG2,Regular Course,,Vattanac West - Cambodia,https://support.trackmangolf.com/hc/en-us/articles/39913906600219--Release-Notes-List-of-All-Courses-in-TPS
Växjö Golfklubb (18 hole course),Sweden,VG2,Regular Course,,Växjö Golfklubb (18 hole course) - Sweden,https://support.trackmangolf.com/hc/en-us/articles/39913906600219--Release-Notes-List-of-All-Courses-in-TPS
Visby Gk,Sweden,VG2,Regular Course,,Visby Gk - Sweden,https://support.trackmangolf.com/hc/en-us/articles/39913906600219--Release-Notes-List-of-All-Courses-in-TPS
Wabeek C.C.,"Michigan, United States",VG2,Regular Course,,"Wabeek C.C. - Michigan, United States",https://support.trackmangolf.com/hc/en-us/articles/39913906600219--Release-Notes-List-of-All-Courses-in-TPS
Wachusett Country Club,"Massachusetts, United States",VG2,Regular Course,,"Wachusett Country Club - Massachusetts, United States",https://support.trackmangolf.com/hc/en-us/articles/39913906600219--Release-Notes-List-of-All-Courses-in-TPS
Wayzata CC,"Minnesota, United States",VG2,Regular Course,,"Wayzata CC - Minnesota, United States",https://support.trackmangolf.com/hc/en-us/articles/39913906600219--Release-Notes-List-of-All-Courses-in-TPS
Webster,"New York, United States",VG2,Regular Course,,"Webster - New York, United States",https://support.trackmangolf.com/hc/en-us/articles/39913906600219--Release-Notes-List-of-All-Courses-in-TPS
Wembley G.C Old course,Australia,VG2,Regular Course,,Wembley G.C Old course - Australia,https://support.trackmangolf.com/hc/en-us/articles/39913906600219--Release-Notes-List-of-All-Courses-in-TPS
West Essex,United Kingdom,VG2,Regular Course,,West Essex - United Kingdom,https://support.trackmangolf.com/hc/en-us/articles/39913906600219--Release-Notes-List-of-All-Courses-in-TPS
WGC Gütersloh,Germany,VG2,Regular Course,,WGC Gütersloh - Germany,https://support.trackmangolf.com/hc/en-us/articles/39913906600219--Release-Notes-List-of-All-Courses-in-TPS
Whistler Golf Club,Canada,VG2,Regular Course,,Whistler Golf Club - Canada,https://support.trackmangolf.com/hc/en-us/articles/39913906600219--Release-Notes-List-of-All-Courses-in-TPS
White Bear Yacht Club,"Minnesota, United States",VG2,Regular Course,,"White Bear Yacht Club - Minnesota, United States",https://support.trackmangolf.com/hc/en-us/articles/39913906600219--Release-Notes-List-of-All-Courses-in-TPS
Whitetail Ridge,"Illinois, United States",VG2,Regular Course,,"Whitetail Ridge - Illinois, United States",https://support.trackmangolf.com/hc/en-us/articles/39913906600219--Release-Notes-List-of-All-Courses-in-TPS
Wilshire Country Club,"California, United States",VG2,Regular Course,,"Wilshire Country Club - California, United States",https://support.trackmangolf.com/hc/en-us/articles/39913906600219--Release-Notes-List-of-All-Courses-in-TPS
Woodmont Country Club - North Course,"Maryland, United States",VG2,Regular Course,,"Woodmont Country Club - North Course - Maryland, United States",https://support.trackmangolf.com/hc/en-us/articles/39913906600219--Release-Notes-List-of-All-Courses-in-TPS
Wyboston Lakes Resort,United Kingdom,VG2,Regular Course,,Wyboston Lakes Resort - United Kingdom,https://support.trackmangolf.com/hc/en-us/articles/39913906600219--Release-Notes-List-of-All-Courses-in-TPS
Wychwood Golf Club,United Kingdom,VG2,Regular Course,,Wychwood Golf Club - United Kingdom,https://support.trackmangolf.com/hc/en-us/articles/39913906600219--Release-Notes-List-of-All-Courses-in-TPS
Wylihof Golf (27 holes),Switzerland,VG2,Regular Course,,Wylihof Golf (27 holes) - Switzerland,https://support.trackmangolf.com/hc/en-us/articles/39913906600219--Release-Notes-List-of-All-Courses-in-TPS
Wyndemere CC (Gold/Green),"Florida, USA",VG2,Regular Course,,"Wyndemere CC (Gold/Green) - Florida, USA",https://support.trackmangolf.com/hc/en-us/articles/39913906600219--Release-Notes-List-of-All-Courses-in-TPS
Wyndemere CC (Green/White),"Florida, USA",VG2,Regular Course,,"Wyndemere CC (Green/White) - Florida, USA",https://support.trackmangolf.com/hc/en-us/articles/39913906600219--Release-Notes-List-of-All-Courses-in-TPS
Wyndemere CC (White/Gold),"Florida, USA",VG2,Regular Course,,"Wyndemere CC (White/Gold) - Florida, USA",https://support.trackmangolf.com/hc/en-us/articles/39913906600219--Release-Notes-List-of-All-Courses-in-TPS
Y-Brig,Switzerland,VG2,Regular Course,,Y-Brig - Switzerland,https://support.trackmangolf.com/hc/en-us/articles/39913906600219--Release-Notes-List-of-All-Courses-in-TPS
Zeegersloot Golf Club,Netherlands,VG2,Regular Course,,Zeegersloot Golf Club - Netherlands,https://support.trackmangolf.com/hc/en-us/articles/39913906600219--Release-Notes-List-of-All-Courses-in-TPS
Zwartkop Country Club,South Africa,VG2,Regular Course,,Zwartkop Country Club - South Africa,https://support.trackmangolf.com/hc/en-us/articles/39913906600219--Release-Notes-List-of-All-Courses-in-TPS
Östersund-Frösö Golfklubb,Sweden,VG2,Regular Course,,Östersund-Frösö Golfklubb - Sweden,https://support.trackmangolf.com/hc/en-us/articles/39913906600219--Release-Notes-List-of-All-Courses-in-TPS
Adare Manor,Ireland,VG3,Regular Course,867,Adare Manor - Ireland (867 MB),https://support.trackmangolf.com/hc/en-us/articles/39913906600219--Release-Notes-List-of-All-Courses-in-TPS
Albany GC,The Bahamas,VG3,Regular Course,765,Albany GC - The Bahamas (765 MB),https://support.trackmangolf.com/hc/en-us/articles/39913906600219--Release-Notes-List-of-All-Courses-in-TPS
Aronimink,"Pennsylvania, United States",VG3,Regular Course,1010,"Aronimink - Pennsylvania, United States (1010 MB)",https://support.trackmangolf.com/hc/en-us/articles/39913906600219--Release-Notes-List-of-All-Courses-in-TPS
Augusta Municipal - The Loop,"Georgia, United States",VG3,Regular Course,738,"Augusta Municipal - The Loop - Georgia, United States (738 MB)",https://support.trackmangolf.com/hc/en-us/articles/39913906600219--Release-Notes-List-of-All-Courses-in-TPS
Augusta Municipal - The Patch,"Georgia, United States",VG3,Regular Course,738,"Augusta Municipal - The Patch - Georgia, United States (738 MB)",https://support.trackmangolf.com/hc/en-us/articles/39913906600219--Release-Notes-List-of-All-Courses-in-TPS
Bandon Dunes,"Oregon, United States",VG3,Regular Course,878,"Bandon Dunes - Oregon, United States (878 MB)",https://support.trackmangolf.com/hc/en-us/articles/39913906600219--Release-Notes-List-of-All-Courses-in-TPS
Bandon Pacific Dunes,"Oregon, United States",VG3,Regular Course,1134,"Bandon Pacific Dunes - Oregon, United States (1134 MB)",https://support.trackmangolf.com/hc/en-us/articles/39913906600219--Release-Notes-List-of-All-Courses-in-TPS
Bandon Trails,"Oregon, United States",VG3,Regular Course,1164,"Bandon Trails - Oregon, United States (1164 MB)",https://support.trackmangolf.com/hc/en-us/articles/39913906600219--Release-Notes-List-of-All-Courses-in-TPS
Barnbougle Dunes (18 Holes),Australia,VG3,Regular Course,746,Barnbougle Dunes (18 Holes) - Australia (746 MB),https://support.trackmangolf.com/hc/en-us/articles/39913906600219--Release-Notes-List-of-All-Courses-in-TPS
Barsebäck Golf & Country Club Ocean,Sweden,VG3,Regular Course,1115,Barsebäck Golf & Country Club Ocean - Sweden (1115 MB),https://support.trackmangolf.com/hc/en-us/articles/39913906600219--Release-Notes-List-of-All-Courses-in-TPS
Bayou Oaks South,"Louisiana, United States",VG3,Regular Course,1202,"Bayou Oaks South - Louisiana, United States (1202 MB)",https://support.trackmangolf.com/hc/en-us/articles/39913906600219--Release-Notes-List-of-All-Courses-in-TPS
Bethpage Black,"New York, United States",VG3,Regular Course,1089,"Bethpage Black - New York, United States (1089 MB)",https://support.trackmangolf.com/hc/en-us/articles/39913906600219--Release-Notes-List-of-All-Courses-in-TPS
Black Desert Resort,"Utah, United States",VG3,Regular Course,776,"Black Desert Resort - Utah, United States (776 MB)",https://support.trackmangolf.com/hc/en-us/articles/39913906600219--Release-Notes-List-of-All-Courses-in-TPS
Bonnie Briar Country Club,"New York, United States",VG3,Regular Course,1353,"Bonnie Briar Country Club - New York, United States (1353 MB)",https://support.trackmangolf.com/hc/en-us/articles/39913906600219--Release-Notes-List-of-All-Courses-in-TPS
Brocket Hall Golf Club (Melbourne Course),United Kingdom,VG3,Regular Course,1311,Brocket Hall Golf Club (Melbourne Course) - United Kingdom (1311 MB),https://support.trackmangolf.com/hc/en-us/articles/39913906600219--Release-Notes-List-of-All-Courses-in-TPS
Brocket Hall Golf Club (Palmerston Course),United Kingdom,VG3,Regular Course,1401,Brocket Hall Golf Club (Palmerston Course) - United Kingdom (1401 MB),https://support.trackmangolf.com/hc/en-us/articles/39913906600219--Release-Notes-List-of-All-Courses-in-TPS
Brøndby Golfklub,Denmark,VG3,Regular Course,702,Brøndby Golfklub - Denmark (702 MB),https://support.trackmangolf.com/hc/en-us/articles/39913906600219--Release-Notes-List-of-All-Courses-in-TPS
Cabot Citrus Farms - The Roost,"Florida, United States",VG3,Regular Course,915,"Cabot Citrus Farms - The Roost - Florida, United States (915 MB)",https://support.trackmangolf.com/hc/en-us/articles/39913906600219--Release-Notes-List-of-All-Courses-in-TPS
Cabot Citrus Farms Karoo,"Florida, United States",VG3,Regular Course,922,"Cabot Citrus Farms Karoo - Florida, United States (922 MB)",https://support.trackmangolf.com/hc/en-us/articles/39913906600219--Release-Notes-List-of-All-Courses-in-TPS
Cabot Citrus Farms Squeeze (10 Holes),"Florida, United States",VG3,Regular Course,1098,"Cabot Citrus Farms Squeeze (10 Holes) - Florida, United States (1098 MB)",https://support.trackmangolf.com/hc/en-us/articles/39913906600219--Release-Notes-List-of-All-Courses-in-TPS
Cabot Cape Breton Cliffs,Canada,VG3,Regular Course,893,Cabot Cape Breton Cliffs - Canada (893 MB),https://support.trackmangolf.com/hc/en-us/articles/39913906600219--Release-Notes-List-of-All-Courses-in-TPS
Cabot Cape Breton Links,Canada,VG3,Regular Course,981,Cabot Cape Breton Links - Canada (981 MB),https://support.trackmangolf.com/hc/en-us/articles/39913906600219--Release-Notes-List-of-All-Courses-in-TPS
Cape Wickham,Australia,VG3,Regular Course,758,Cape Wickham - Australia (758 MB),https://support.trackmangolf.com/hc/en-us/articles/39913906600219--Release-Notes-List-of-All-Courses-in-TPS
The Cardinal at Saint John’s Resort,"Michigan, United States",VG3,Regular Course,1159,"The Cardinal at Saint John’s Resort - Michigan, United States (1159 MB)",https://support.trackmangolf.com/hc/en-us/articles/39913906600219--Release-Notes-List-of-All-Courses-in-TPS
"Casa de Campo, Teeth of the Dog",Dominican Republic,VG3,Regular Course,1064,"Casa de Campo, Teeth of the Dog - Dominican Republic (1064 MB)",https://support.trackmangolf.com/hc/en-us/articles/39913906600219--Release-Notes-List-of-All-Courses-in-TPS
Clear Creek Tahoe,"Nevada, United States",VG3,Regular Course,934,"Clear Creek Tahoe - Nevada, United States (934 MB)",https://support.trackmangolf.com/hc/en-us/articles/39913906600219--Release-Notes-List-of-All-Courses-in-TPS
Club de Golf Chapultepec,Mexico,VG3,Regular Course,616,Club de Golf Chapultepec - Mexico (616 MB),https://support.trackmangolf.com/hc/en-us/articles/39913906600219--Release-Notes-List-of-All-Courses-in-TPS
Country Club of Jackson,"Mississippi, United States",VG3,Regular Course,950,"Country Club of Jackson - Mississippi, United States (950 MB)",https://support.trackmangolf.com/hc/en-us/articles/39913906600219--Release-Notes-List-of-All-Courses-in-TPS
Deal Golf & Country Club,"New Jersey, United States",VG3,Regular Course,1271,"Deal Golf & Country Club - New Jersey, United States (1271 MB)",https://support.trackmangolf.com/hc/en-us/articles/39913906600219--Release-Notes-List-of-All-Courses-in-TPS
Donalda Club,Canada,VG3,Regular Course,777,Donalda Club - Canada (777 MB),https://support.trackmangolf.com/hc/en-us/articles/39913906600219--Release-Notes-List-of-All-Courses-in-TPS
Drammen GK,Norway,VG3,Regular Course,1023,Drammen GK - Norway (1023 MB),https://support.trackmangolf.com/hc/en-us/articles/39913906600219--Release-Notes-List-of-All-Courses-in-TPS
Eagle Crest,"Michigan, United States",VG3,Regular Course,964,"Eagle Crest - Michigan, United States (964 MB)",https://support.trackmangolf.com/hc/en-us/articles/39913906600219--Release-Notes-List-of-All-Courses-in-TPS
Eden Golf Club,United Kingdom,VG3,Regular Course,794,Eden Golf Club - United Kingdom (794 MB),https://support.trackmangolf.com/hc/en-us/articles/39913906600219--Release-Notes-List-of-All-Courses-in-TPS
Emirates Golf Estates - Majlis,Dubai,VG3,Regular Course,1011,Emirates Golf Estates - Majlis - Dubai (1011 MB),https://support.trackmangolf.com/hc/en-us/articles/39913906600219--Release-Notes-List-of-All-Courses-in-TPS
Emirates Golf Estates - Faldo,Dubai,VG3,Regular Course,1173,Emirates Golf Estates - Faldo - Dubai (1173 MB),https://support.trackmangolf.com/hc/en-us/articles/39913906600219--Release-Notes-List-of-All-Courses-in-TPS
"Emporda, Dunes Course",Spain,VG3,Regular Course,1077,"Emporda, Dunes Course - Spain (1077 MB)",https://support.trackmangolf.com/hc/en-us/articles/39913906600219--Release-Notes-List-of-All-Courses-in-TPS
Evian Resort GC,France,VG3,Regular Course,1003,Evian Resort GC - France (1003 MB),https://support.trackmangolf.com/hc/en-us/articles/39913906600219--Release-Notes-List-of-All-Courses-in-TPS
Fairmont Chateau Whistler,Canada,VG3,Regular Course,1082,Fairmont Chateau Whistler - Canada (1082 MB),https://support.trackmangolf.com/hc/en-us/articles/39913906600219--Release-Notes-List-of-All-Courses-in-TPS
Firestone Country Club South,"Ohio, United States",VG3,Regular Course,899,"Firestone Country Club South - Ohio, United States (899 MB)",https://support.trackmangolf.com/hc/en-us/articles/39913906600219--Release-Notes-List-of-All-Courses-in-TPS
Golf Club Grevenmühle,Germany,VG3,Regular Course,423,Golf Club Grevenmühle - Germany (423 MB),https://support.trackmangolf.com/hc/en-us/articles/39913906600219--Release-Notes-List-of-All-Courses-in-TPS
GC Munchen Eichenried,Germany,VG3,Regular Course,315,GC Munchen Eichenried - Germany (315 MB),https://support.trackmangolf.com/hc/en-us/articles/39913906600219--Release-Notes-List-of-All-Courses-in-TPS
Gozzer Ranch,"Idaho, United States",VG3,Regular Course,744,"Gozzer Ranch - Idaho, United States (744 MB)",https://support.trackmangolf.com/hc/en-us/articles/39913906600219--Release-Notes-List-of-All-Courses-in-TPS
Grange West,Australia,VG3,Regular Course,1590,Grange West - Australia (1590 MB),https://support.trackmangolf.com/hc/en-us/articles/39913906600219--Release-Notes-List-of-All-Courses-in-TPS
Grange East,Australia,VG3,Regular Course,1588,Grange East - Australia (1588 MB),https://support.trackmangolf.com/hc/en-us/articles/39913906600219--Release-Notes-List-of-All-Courses-in-TPS
Granite Links: Granite/Quincy,"Massachusetts, United States",VG3,Regular Course,1051,"Granite Links: Granite/Quincy - Massachusetts, United States (1051 MB)",https://support.trackmangolf.com/hc/en-us/articles/39913906600219--Release-Notes-List-of-All-Courses-in-TPS
Granite Links: Milton/Granite,"Massachusetts, United States",VG3,Regular Course,1051,"Granite Links: Milton/Granite - Massachusetts, United States (1051 MB)",https://support.trackmangolf.com/hc/en-us/articles/39913906600219--Release-Notes-List-of-All-Courses-in-TPS
Granite Links: Quincy/Milton,"Massachusetts, United States",VG3,Regular Course,1051,"Granite Links: Quincy/Milton - Massachusetts, United States (1051 MB)",https://support.trackmangolf.com/hc/en-us/articles/39913906600219--Release-Notes-List-of-All-Courses-in-TPS
Hamilton Golf & Country Club,"Ancaster, Canada",VG3,Regular Course,1079,"Hamilton Golf & Country Club - Ancaster, Canada (1079 MB)",https://support.trackmangolf.com/hc/en-us/articles/39913906600219--Release-Notes-List-of-All-Courses-in-TPS
Hazeltine National Golf Club,"Minnesota, United States",VG3,Regular Course,1310,"Hazeltine National Golf Club - Minnesota, United States (1310 MB)",https://support.trackmangolf.com/hc/en-us/articles/39913906600219--Release-Notes-List-of-All-Courses-in-TPS
Helsingør Golf Club,Denmark,VG3,Regular Course,1097,Helsingør Golf Club - Denmark (1097 MB),https://support.trackmangolf.com/hc/en-us/articles/39913906600219--Release-Notes-List-of-All-Courses-in-TPS
Hualalai Golf Club,"Hawaii, United States",VG3,Regular Course,959,"Hualalai Golf Club - Hawaii, United States (959 MB)",https://support.trackmangolf.com/hc/en-us/articles/39913906600219--Release-Notes-List-of-All-Courses-in-TPS
Hong Kong GC,Hong Kong,VG3,Regular Course,946,Hong Kong GC - Hong Kong (946 MB),https://support.trackmangolf.com/hc/en-us/articles/39913906600219--Release-Notes-List-of-All-Courses-in-TPS
Hudson National GC,"New York, United States",VG3,Regular Course,934,"Hudson National GC - New York, United States (934 MB)",https://support.trackmangolf.com/hc/en-us/articles/39913906600219--Release-Notes-List-of-All-Courses-in-TPS
Interlachen CC,"Minnesota, United States",VG3,Regular Course,482,"Interlachen CC - Minnesota, United States (482 MB)",https://support.trackmangolf.com/hc/en-us/articles/39913906600219--Release-Notes-List-of-All-Courses-in-TPS
JCB Golf & Country Club,United Kingdom,VG3,Regular Course,1211,JCB Golf & Country Club - United Kingdom (1211 MB),https://support.trackmangolf.com/hc/en-us/articles/39913906600219--Release-Notes-List-of-All-Courses-in-TPS
Jumeirah Golf Estates: Fire Course,Dubai,VG3,Regular Course,1203,Jumeirah Golf Estates: Fire Course - Dubai (1203 MB),https://support.trackmangolf.com/hc/en-us/articles/39913906600219--Release-Notes-List-of-All-Courses-in-TPS
Karlstads Golfklubb,Sweden,VG3,Regular Course,665,Karlstads Golfklubb - Sweden (665 MB),https://support.trackmangolf.com/hc/en-us/articles/39913906600219--Release-Notes-List-of-All-Courses-in-TPS
Kawana Hotel Golf Course Fuji,Japan,VG3,Regular Course,976,Kawana Hotel Golf Course Fuji - Japan (976 MB),https://support.trackmangolf.com/hc/en-us/articles/39913906600219--Release-Notes-List-of-All-Courses-in-TPS
"King Robert The Bruce, Trump Turnberry",Scotland,VG3,Regular Course,1128,"King Robert The Bruce, Trump Turnberry - Scotland (1128 MB)",https://support.trackmangolf.com/hc/en-us/articles/39913906600219--Release-Notes-List-of-All-Courses-in-TPS
Kitzbühel-Schwarzsee-Reith,Austria,VG3,Regular Course,1082,Kitzbühel-Schwarzsee-Reith - Austria (1082 MB),https://support.trackmangolf.com/hc/en-us/articles/39913906600219--Release-Notes-List-of-All-Courses-in-TPS
Liberty National GC,"New Jersey, United States",VG3,Regular Course,777,"Liberty National GC - New Jersey, United States (777 MB)",https://support.trackmangolf.com/hc/en-us/articles/39913906600219--Release-Notes-List-of-All-Courses-in-TPS
Lofoten Links,Norway,VG3,Regular Course,869,Lofoten Links - Norway (869 MB),https://support.trackmangolf.com/hc/en-us/articles/39913906600219--Release-Notes-List-of-All-Courses-in-TPS
Logan Country Club,"Utah, United States",VG3,Regular Course,1105,"Logan Country Club - Utah, United States (1105 MB)",https://support.trackmangolf.com/hc/en-us/articles/39913906600219--Release-Notes-List-of-All-Courses-in-TPS
Longleaf Golf & Family Club,"North Carolina, United States",VG3,Regular Course,1185,"Longleaf Golf & Family Club - North Carolina, United States (1185 MB)",https://support.trackmangolf.com/hc/en-us/articles/39913906600219--Release-Notes-List-of-All-Courses-in-TPS
Marcella Club,"Utah, United States",VG3,Regular Course,784,"Marcella Club - Utah, United States (784 MB)",https://support.trackmangolf.com/hc/en-us/articles/39913906600219--Release-Notes-List-of-All-Courses-in-TPS
Marco Simone Golf and Country Club,Italy,VG3,Regular Course,1248,Marco Simone Golf and Country Club - Italy (1248 MB),https://support.trackmangolf.com/hc/en-us/articles/39913906600219--Release-Notes-List-of-All-Courses-in-TPS
Miami Lakes the Senator,Florida,VG3,Regular Course,844,Miami Lakes the Senator - Florida (844 MB),https://support.trackmangolf.com/hc/en-us/articles/39913906600219--Release-Notes-List-of-All-Courses-in-TPS
Modry Las GC,Poland,VG3,Regular Course,965,Modry Las GC - Poland (965 MB),https://support.trackmangolf.com/hc/en-us/articles/39913906600219--Release-Notes-List-of-All-Courses-in-TPS
Montrêux Golf & Country Club,"Nevada, United States",VG3,Regular Course,1291,"Montrêux Golf & Country Club - Nevada, United States (1291 MB)",https://support.trackmangolf.com/hc/en-us/articles/39913906600219--Release-Notes-List-of-All-Courses-in-TPS
Muirfield Village GC,"Ohio, United States",VG3,Regular Course,826,"Muirfield Village GC - Ohio, United States (826 MB)",https://support.trackmangolf.com/hc/en-us/articles/39913906600219--Release-Notes-List-of-All-Courses-in-TPS
"Nemacolin, Mystic Rock","Pennsylvania, United States",VG3,Regular Course,1069,"Nemacolin, Mystic Rock - Pennsylvania, United States (1069 MB)",https://support.trackmangolf.com/hc/en-us/articles/39913906600219--Release-Notes-List-of-All-Courses-in-TPS
Oakmont Country Club,"Pennsylvania, United States",VG3,Regular Course,1096,"Oakmont Country Club - Pennsylvania, United States (1096 MB)",https://support.trackmangolf.com/hc/en-us/articles/39913906600219--Release-Notes-List-of-All-Courses-in-TPS
Old Head Golf Links,"Cork, Ireland",VG3,Regular Course,1055,"Old Head Golf Links - Cork, Ireland (1055 MB)",https://support.trackmangolf.com/hc/en-us/articles/39913906600219--Release-Notes-List-of-All-Courses-in-TPS
Old Macdonald,"Oregon, United States",VG3,Regular Course,707,"Old Macdonald - Oregon, United States (707 MB)",https://support.trackmangolf.com/hc/en-us/articles/39913906600219--Release-Notes-List-of-All-Courses-in-TPS
Old Sandwich Golf Club,Massachusetts,VG3,Regular Course,933,Old Sandwich Golf Club - Massachusetts (933 MB),https://support.trackmangolf.com/hc/en-us/articles/39913906600219--Release-Notes-List-of-All-Courses-in-TPS
Olympic Club Lake Course,"California, United States",VG3,Regular Course,354,"Olympic Club Lake Course - California, United States (354 MB)",https://support.trackmangolf.com/hc/en-us/articles/39913906600219--Release-Notes-List-of-All-Courses-in-TPS
Par3 Pitch & Putt Gualta,Spain,VG3,Regular Course,890,Par3 Pitch & Putt Gualta - Spain (890 MB),https://support.trackmangolf.com/hc/en-us/articles/39913906600219--Release-Notes-List-of-All-Courses-in-TPS
Paultons Golf Centre,United Kingdom,VG3,Regular Course,702,Paultons Golf Centre - United Kingdom (702 MB),https://support.trackmangolf.com/hc/en-us/articles/39913906600219--Release-Notes-List-of-All-Courses-in-TPS
Pebble Beach Links,"California, United States",VG3,Regular Course,554,"Pebble Beach Links - California, United States (554 MB)",https://support.trackmangolf.com/hc/en-us/articles/39913906600219--Release-Notes-List-of-All-Courses-in-TPS
PGA National,"Florida, United States",VG3,Regular Course,1035,"PGA National - Florida, United States (1035 MB)",https://support.trackmangolf.com/hc/en-us/articles/39913906600219--Release-Notes-List-of-All-Courses-in-TPS
PGA West - Dye Stadium,"California, United States",VG3,Regular Course,939,"PGA West - Dye Stadium - California, United States (939 MB)",https://support.trackmangolf.com/hc/en-us/articles/39913906600219--Release-Notes-List-of-All-Courses-in-TPS
Pinehurst No. 2,"North Carolina, United States",VG3,Regular Course,1251,"Pinehurst No. 2 - North Carolina, United States (1251 MB)",https://support.trackmangolf.com/hc/en-us/articles/39913906600219--Release-Notes-List-of-All-Courses-in-TPS
Qiddiya Faldo,Saudi Arabia,VG3,Regular Course,708,Qiddiya Faldo - Saudi Arabia (708 MB),https://support.trackmangolf.com/hc/en-us/articles/39913906600219--Release-Notes-List-of-All-Courses-in-TPS
Quail Hollow Club,"North Carolina, United States",VG3,Regular Course,997,"Quail Hollow Club - North Carolina, United States (997 MB)",https://support.trackmangolf.com/hc/en-us/articles/39913906600219--Release-Notes-List-of-All-Courses-in-TPS
Real Club Valderrama,Spain,VG3,Regular Course,828,Real Club Valderrama - Spain (828 MB),https://support.trackmangolf.com/hc/en-us/articles/39913906600219--Release-Notes-List-of-All-Courses-in-TPS
Riverside Country Club,Canada,VG3,Regular Course,797,Riverside Country Club - Canada (797 MB),https://support.trackmangolf.com/hc/en-us/articles/39913906600219--Release-Notes-List-of-All-Courses-in-TPS
Riyadh Golf Course,Saudi Arabia,VG3,Regular Course,1395,Riyadh Golf Course - Saudi Arabia (1395 MB),https://support.trackmangolf.com/hc/en-us/articles/39913906600219--Release-Notes-List-of-All-Courses-in-TPS
Riyadh Golf Club – LIV Edition,,VG3,Regular Course,1395,Riyadh Golf Club – LIV Edition (1395 MB),https://support.trackmangolf.com/hc/en-us/articles/39913906600219--Release-Notes-List-of-All-Courses-in-TPS
Royal Dornoch (Championship Course),United Kingdom,VG3,Regular Course,1012,Royal Dornoch (Championship Course) - United Kingdom (1012 MB),https://support.trackmangolf.com/hc/en-us/articles/39913906600219--Release-Notes-List-of-All-Courses-in-TPS
Rock Golf,Finland,VG3,Regular Course,610,Rock Golf - Finland (610 MB),https://support.trackmangolf.com/hc/en-us/articles/39913906600219--Release-Notes-List-of-All-Courses-in-TPS
Royal County Down,United Kingdom,VG3,Regular Course,722,Royal County Down - United Kingdom (722 MB),https://support.trackmangolf.com/hc/en-us/articles/39913906600219--Release-Notes-List-of-All-Courses-in-TPS
Royal Melbourne Golf Club Composite,Australia,VG3,Regular Course,1232,Royal Melbourne Golf Club Composite - Australia (1232 MB),https://support.trackmangolf.com/hc/en-us/articles/39913906600219--Release-Notes-List-of-All-Courses-in-TPS
Royal Portrush - Dunluce Links,United Kingdom,VG3,Regular Course,1105,Royal Portrush - Dunluce Links - United Kingdom (1105 MB),https://support.trackmangolf.com/hc/en-us/articles/39913906600219--Release-Notes-List-of-All-Courses-in-TPS
Sand Valley,"Wisconsin, United States",VG3,Regular Course,1165,"Sand Valley - Wisconsin, United States (1165 MB)",https://support.trackmangolf.com/hc/en-us/articles/39913906600219--Release-Notes-List-of-All-Courses-in-TPS
Sand Valley - Mammoth Dunes,"Wisconsin, United States",VG3,Regular Course,1158,"Sand Valley - Mammoth Dunes - Wisconsin, United States (1158 MB)",https://support.trackmangolf.com/hc/en-us/articles/39913906600219--Release-Notes-List-of-All-Courses-in-TPS
Sand Valley - Sedge Valley,"Wisconsin, Untied States",VG3,Regular Course,1164,"Sand Valley - Sedge Valley - Wisconsin, Untied States (1164 MB)",https://support.trackmangolf.com/hc/en-us/articles/39913906600219--Release-Notes-List-of-All-Courses-in-TPS
Sand Valley - The Lido,"Wisconsin, Untied States",VG3,Regular Course,869,"Sand Valley - The Lido - Wisconsin, Untied States (869 MB)",https://support.trackmangolf.com/hc/en-us/articles/39913906600219--Release-Notes-List-of-All-Courses-in-TPS
Schloss Pichlarn,Austria,VG3,Regular Course,1119,Schloss Pichlarn - Austria (1119 MB),https://support.trackmangolf.com/hc/en-us/articles/39913906600219--Release-Notes-List-of-All-Courses-in-TPS
Sea Island (Seaside),"Georgia, United States",VG3,Regular Course,734,"Sea Island (Seaside) - Georgia, United States (734 MB)",https://support.trackmangolf.com/hc/en-us/articles/39913906600219--Release-Notes-List-of-All-Courses-in-TPS
Sentosa (Serapong),Singapore,VG3,Regular Course,1063,Sentosa (Serapong) - Singapore (1063 MB),https://support.trackmangolf.com/hc/en-us/articles/39913906600219--Release-Notes-List-of-All-Courses-in-TPS
Shaughnessy Golf & Country Club,Canada,VG3,Regular Course,958,Shaughnessy Golf & Country Club - Canada (958 MB),https://support.trackmangolf.com/hc/en-us/articles/39913906600219--Release-Notes-List-of-All-Courses-in-TPS
Sharpley Golf Club,United Kingdom,VG3,Regular Course,700,Sharpley Golf Club - United Kingdom (700 MB),https://support.trackmangolf.com/hc/en-us/articles/39913906600219--Release-Notes-List-of-All-Courses-in-TPS
Silverleaf Club,"Arizona, United States",VG3,Regular Course,500,"Silverleaf Club - Arizona, United States (500 MB)",https://support.trackmangolf.com/hc/en-us/articles/39913906600219--Release-Notes-List-of-All-Courses-in-TPS
Spyglass Hill,"California, United States",VG3,Regular Course,1053,"Spyglass Hill - California, United States (1053 MB)",https://support.trackmangolf.com/hc/en-us/articles/39913906600219--Release-Notes-List-of-All-Courses-in-TPS
St Andrews Links Old Course,United Kingdom,VG3,Regular Course,884,St Andrews Links Old Course - United Kingdom (884 MB),https://support.trackmangolf.com/hc/en-us/articles/39913906600219--Release-Notes-List-of-All-Courses-in-TPS
Steyn City,South Africa,VG3,Regular Course,1316,Steyn City - South Africa (1316 MB),https://support.trackmangolf.com/hc/en-us/articles/39913906600219--Release-Notes-List-of-All-Courses-in-TPS
Sweetens Cove,"Tennessee, United States",VG3,Regular Course,915,"Sweetens Cove - Tennessee, United States (915 MB)",https://support.trackmangolf.com/hc/en-us/articles/39913906600219--Release-Notes-List-of-All-Courses-in-TPS
Taiheiyo Club Gotemba Course,Japan,VG3,Regular Course,712,Taiheiyo Club Gotemba Course - Japan (712 MB),https://support.trackmangolf.com/hc/en-us/articles/39913906600219--Release-Notes-List-of-All-Courses-in-TPS
The Concession GC,"Florida, United States",VG3,Regular Course,1239,"The Concession GC - Florida, United States (1239 MB)",https://support.trackmangolf.com/hc/en-us/articles/39913906600219--Release-Notes-List-of-All-Courses-in-TPS
The International,The Netherlands,VG3,Regular Course,708,The International - The Netherlands (708 MB),https://support.trackmangolf.com/hc/en-us/articles/39913906600219--Release-Notes-List-of-All-Courses-in-TPS
The K Club: The Palmer North Course,Ireland,VG3,Regular Course,1218,The K Club: The Palmer North Course - Ireland (1218 MB),https://support.trackmangolf.com/hc/en-us/articles/39913906600219--Release-Notes-List-of-All-Courses-in-TPS
The Links at Spanish Bay,"Florida, United States",VG3,Regular Course,918,"The Links at Spanish Bay - Florida, United States (918 MB)",https://support.trackmangolf.com/hc/en-us/articles/39913906600219--Release-Notes-List-of-All-Courses-in-TPS
The Reserve at Moonlight Basin,"Montana, United States",VG3,Regular Course,542,"The Reserve at Moonlight Basin - Montana, United States (542 MB)",https://support.trackmangolf.com/hc/en-us/articles/39913906600219--Release-Notes-List-of-All-Courses-in-TPS
Timberline GC,"Alabama, United States",VG3,Regular Course,784,"Timberline GC - Alabama, United States (784 MB)",https://support.trackmangolf.com/hc/en-us/articles/39913906600219--Release-Notes-List-of-All-Courses-in-TPS
Turning Stone (Atunyote Course),"New York, United States",VG3,Regular Course,697,"Turning Stone (Atunyote Course) - New York, United States (697 MB)",https://support.trackmangolf.com/hc/en-us/articles/39913906600219--Release-Notes-List-of-All-Courses-in-TPS
Turning Stone (Shenendoah Course),"New York, United States",VG3,Regular Course,755,"Turning Stone (Shenendoah Course) - New York, United States (755 MB)",https://support.trackmangolf.com/hc/en-us/articles/39913906600219--Release-Notes-List-of-All-Courses-in-TPS
TPC Colorado,"Colorado, United States",VG3,Regular Course,822,"TPC Colorado - Colorado, United States (822 MB)",https://support.trackmangolf.com/hc/en-us/articles/39913906600219--Release-Notes-List-of-All-Courses-in-TPS
Valhalla GC,"Kentucky, United States",VG3,Regular Course,972,"Valhalla GC - Kentucky, United States (972 MB)",https://support.trackmangolf.com/hc/en-us/articles/39913906600219--Release-Notes-List-of-All-Courses-in-TPS
Yellowstone Club,"Montana, United States",VG3,Regular Course,882,"Yellowstone Club - Montana, United States (882 MB)",https://support.trackmangolf.com/hc/en-us/articles/39913906600219--Release-Notes-List-of-All-Courses-in-TPS
Wentworth GC (West Course),United Kingdom,VG3,Regular Course,1003,Wentworth GC (West Course) - United Kingdom (1003 MB),https://support.trackmangolf.com/hc/en-us/articles/39913906600219--Release-Notes-List-of-All-Courses-in-TPS
Weston Golf and Country Club,Canada,VG3,Regular Course,1051,Weston Golf and Country Club - Canada (1051 MB),https://support.trackmangolf.com/hc/en-us/articles/39913906600219--Release-Notes-List-of-All-Courses-in-TPS
Whistle Bear Golf Club,Canada,VG3,Regular Course,901,Whistle Bear Golf Club - Canada (901 MB),https://support.trackmangolf.com/hc/en-us/articles/39913906600219--Release-Notes-List-of-All-Courses-in-TPS
Worcester Country Club,"Massachusetts, United States",VG3,Regular Course,973,"Worcester Country Club - Massachusetts, United States (973 MB)",https://support.trackmangolf.com/hc/en-us/articles/39913906600219--Release-Notes-List-of-All-Courses-in-TPS
Abel's Crossing,Fictional,VG2,Par 3 Course,,Abel's Crossing - Fictional,https://support.trackmangolf.com/hc/en-us/articles/39913906600219--Release-Notes-List-of-All-Courses-in-TPS
Adlington,United Kingdom,VG2,Par 3 Course,,Adlington - United Kingdom,https://support.trackmangolf.com/hc/en-us/articles/39913906600219--Release-Notes-List-of-All-Courses-in-TPS
Dalebrook Forest,Fictional,VG2,Par 3 Course,,Dalebrook Forest - Fictional,https://support.trackmangolf.com/hc/en-us/articles/39913906600219--Release-Notes-List-of-All-Courses-in-TPS
Devils Island,Fictional,VG2,Par 3 Course,,Devils Island - Fictional,https://support.trackmangolf.com/hc/en-us/articles/39913906600219--Release-Notes-List-of-All-Courses-in-TPS
Els Performance Golf Academy,Vietnam,VG2,Par 3 Course,,Els Performance Golf Academy - Vietnam,https://support.trackmangolf.com/hc/en-us/articles/39913906600219--Release-Notes-List-of-All-Courses-in-TPS
Golf Lounge Resort (Red Course),Germany,VG2,Par 3 Course,,Golf Lounge Resort (Red Course) - Germany,https://support.trackmangolf.com/hc/en-us/articles/39913906600219--Release-Notes-List-of-All-Courses-in-TPS
Hidden Canyon,Fictional,VG2,Par 3 Course,,Hidden Canyon - Fictional,https://support.trackmangolf.com/hc/en-us/articles/39913906600219--Release-Notes-List-of-All-Courses-in-TPS
Hillcrest Short Course 'The Five',"California, United States",VG2,Par 3 Course,,"Hillcrest Short Course 'The Five' - California, United States",https://support.trackmangolf.com/hc/en-us/articles/39913906600219--Release-Notes-List-of-All-Courses-in-TPS
Leon de Montana,Fictional,VG2,Par 3 Course,,Leon de Montana - Fictional,https://support.trackmangolf.com/hc/en-us/articles/39913906600219--Release-Notes-List-of-All-Courses-in-TPS
Lostwood Glen,Fictional,VG2,Par 3 Course,,Lostwood Glen - Fictional,https://support.trackmangolf.com/hc/en-us/articles/39913906600219--Release-Notes-List-of-All-Courses-in-TPS
"Pebble Beach ""The Hay""","California, United States",VG2,Par 3 Course,,"Pebble Beach ""The Hay"" - California, United States",https://support.trackmangolf.com/hc/en-us/articles/39913906600219--Release-Notes-List-of-All-Courses-in-TPS
Sand River,Fictional,VG2,Par 3 Course,,Sand River - Fictional,https://support.trackmangolf.com/hc/en-us/articles/39913906600219--Release-Notes-List-of-All-Courses-in-TPS
Seve GC Rotterdam,Netherlands,VG2,Par 3 Course,,Seve GC Rotterdam - Netherlands,https://support.trackmangolf.com/hc/en-us/articles/39913906600219--Release-Notes-List-of-All-Courses-in-TPS
Sutton Bay Short Course,"South Dakota, United States",VG2,Par 3 Course,,"Sutton Bay Short Course - South Dakota, United States",https://support.trackmangolf.com/hc/en-us/articles/39913906600219--Release-Notes-List-of-All-Courses-in-TPS
The Aces Club,Fictional,VG2,Par 3 Course,,The Aces Club - Fictional,https://support.trackmangolf.com/hc/en-us/articles/39913906600219--Release-Notes-List-of-All-Courses-in-TPS
The Club at Olde Stone (Sink Hole) 9,"Kentucky, United States",VG2,Par 3 Course,,"The Club at Olde Stone (Sink Hole) 9 - Kentucky, United States",https://support.trackmangolf.com/hc/en-us/articles/39913906600219--Release-Notes-List-of-All-Courses-in-TPS
The Lost 9,Fictional,VG2,Par 3 Course,,The Lost 9 - Fictional,https://support.trackmangolf.com/hc/en-us/articles/39913906600219--Release-Notes-List-of-All-Courses-in-TPS
The Swing Short Course,"Texas, United States",VG2,Par 3 Course,,"The Swing Short Course - Texas, United States",https://support.trackmangolf.com/hc/en-us/articles/39913906600219--Release-Notes-List-of-All-Courses-in-TPS
Bandon Preserve,"Oregon, United States",VG3,Par 3 Course,,"Bandon Preserve - Oregon, United States",https://support.trackmangolf.com/hc/en-us/articles/39913906600219--Release-Notes-List-of-All-Courses-in-TPS
Cabot Citrus Farms Wedge (11 Holes),"Florida, United States",VG3,Par 3 Course,,"Cabot Citrus Farms Wedge (11 Holes) - Florida, United States",https://support.trackmangolf.com/hc/en-us/articles/39913906600219--Release-Notes-List-of-All-Courses-in-TPS
DaleBrook Forest,Fictional,VG3,Par 3 Course,,DaleBrook Forest - Fictional,https://support.trackmangolf.com/hc/en-us/articles/39913906600219--Release-Notes-List-of-All-Courses-in-TPS
London Gardens,Fictional,VG3,Par 3 Course,,London Gardens - Fictional,https://support.trackmangolf.com/hc/en-us/articles/39913906600219--Release-Notes-List-of-All-Courses-in-TPS
Pinehurst Cradle,"North Carolina, United States",VG3,Par 3 Course,,"Pinehurst Cradle - North Carolina, United States",https://support.trackmangolf.com/hc/en-us/articles/39913906600219--Release-Notes-List-of-All-Courses-in-TPS
Senoja Valley,Fictional,VG3,Par 3 Course,,Senoja Valley - Fictional,https://support.trackmangolf.com/hc/en-us/articles/39913906600219--Release-Notes-List-of-All-Courses-in-TPS
Tokyo Gardens,Fictional,VG3,Par 3 Course,,Tokyo Gardens - Fictional,https://support.trackmangolf.com/hc/en-us/articles/39913906600219--Release-Notes-List-of-All-Courses-in-TPS
